Num,ADJUSTED NUMBER,Observer,Date,Cloud,Wind,Time,Species,Lat,Lon,Age,Sex,Bird Height,Foraging Location,Foraging Behavior,Flock?,# individuals,Con/hetero,# species,Which species,Substrate type,Canopy height,Canopy level,PLAYBACK?,Locality,NOTE,,,Distance from Trunk,DBH,(habitat),(tree height),,,
14,14,E + M,1/11,30,2,1634,AMRE,18.5204994,-68.3841942,U,F,4,OF,G,N,,,,,,,,Y,Behind Sewage Ponds,,,,0.8,1.5,Sparse ES,4.5,,BWVI,48
15,15,E + M,1/11,30,2,1638,AMRE,18.5204994,-68.3841942,U,F,0.7,,F,Y,2,H,2,OVEN,,,,Y,Behind Sewage Ponds,,,,,,Sparse ES,,,NOWA,4
19,19,E + M,1/11,30,2,1716,AMRE,18.5266928,-68.3811945,F/J,U,11,,F,N,,,,,,,,N,Behind Sewage Ponds,,,,0.5,2,Mature edge,12,,,
11,32,E + M + A + K,1/12,30,1,1720,AMRE,18.5177221,-68.3798937,U,U,9,,,Y,3,H,3,"NOPA, BAWW",T,16,3,Y,Behind Sewage Ponds,,,,0.5,,,,,,
13,34,E + M + A + K,1/12,30,1,1747,AMRE,18.5177221,-68.3798937,F/J,U,2,,H,N,3,H,2,"NOPA, AMRE",T,12,1,Y,Behind Sewage Ponds,,,,0.2,1.5,,,,,
13,34,E + M + A + K,1/12,30,1,1748,AMRE,18.5177221,-68.3798937,F/J,U,6,UL,G,Y,2,H,2,NOPA,T,12,2,Y,Behind Sewage Ponds,,,,0.6,1.5,,,,,
3,62,MG,1/16,0,2,1625,AMRE,18.5205569,-68.3877944,Imm,M,2,OL,H,N,,,,,S,13,1,Y,Man-made Lagoons,,,,,,,,,,
5,64,EH,1/16,0,2,1659,AMRE,18.5261389,-68.3827391,F/J,U,0.8,UL,H,Y,3,H,2,"5 NOPA, 1 AMRE",U,9,1,Y,Man-made Lagoons,,,,,,,,,,
7,66,EH,1/16,0,2,1741,AMRE,18.5282518,-68.3815794,F/J,U,4,F,G,Y,2,H,2,"1 CMWA, 1 AMRE",T,11,2,Y,Man-made Lagoons,,,,,,,,,,
7,66,MG,1/16,0,2,1741,AMRE,18.5282518,-68.3815794,F/J,U,4,UL,G,Y,2,H,2,"2 CMWA, 1 AMRE",T,11,2,Y,Man-made Lagoons,,,,,,,,,,
7,66,MG,1/16,0,2,1741,AMRE,18.5282518,-68.3815794,F/J,U,4,,H,Y,2,H,2,"3 CMWA, 1 AMRE",T,11,2,Y,Man-made Lagoons,,,,,,,,,,
4,75,MG,1/17,0,2,1545,AMRE,18.5158308,-68.379616,U,F,1.5,F,F,Y,,H,4,"YRWA, CMWA, AMRE, BBTO",T,9,1,N,Hacienda,,,,,,,,,,
6,77,AE,1/17,0,2,1547,AMRE,18.5158308,-68.379616,Ad,M,2,OL,G,Y,,H,4,"YRWA, CMWA, AMRE, BBTO",T,9,1,N,Hacienda,,,,,,,,,,
4,75,AE,1/17,0,2,1547,AMRE,18.5158308,-68.379616,U,F,2.5,F,F,Y,,H,4,"YRWA, CMWA, AMRE, BBTO",T,9,1,N,Hacienda,,,,,,,,,,
23,94,MG,1/17,0,2,1745,AMRE,18.5395695,-68.373633,F/J,,2,OF,G,N,,,,,T,10,1,N,Hacienda,,,,,,,,,,
7,103,MG,1/18,60,2,1742,AMRE,18.5102114,-68.3815117,F/J,U,1.5,OS,G,Y,,H,2,"AMRE, OVEN",D,11,1,PISHING,FUNDACION,,,,,,,,,,
7,103,MG,1/18,60,2,1742,AMRE,18.5102114,-68.3815117,F/J,U,1.5,UL,G,Y,,H,2,"AMRE, OVEN",T,11,1,PISHING,FUNDACION,,,,,,,,,,
7,103,MG,1/18,60,2,1742,AMRE,18.5102114,-68.3815117,F/J,U,1,T,G,Y,,H,2,"AMRE, OVEN",T,11,1,PISHING,FUNDACION,,,,,,,,,,
7,103,MG,1/18,60,2,1742,AMRE,18.5102114,-68.3815117,F/J,U,0.5,,H,Y,,H,2,"AMRE, OVEN",B,11,1,PISHING,FUNDACION,,,,,,,,,,
7,134,AE,1/19,0,0,819,AMRE,18.5183572,-68.3810296,AD,M,6,UL,G,N,,,,,T,10,2,N,Hacienda,,,,,,,,,,
7,134,AE,1/19,0,0,819,AMRE,18.5183572,-68.3810296,AD,M,6,OL,G,N,,,,,T,10,2,N,Hacienda,,,,,,,,,,
12,139,AE,1/19,0,0,855,AMRE,18.5279037,-68.3787845,IMM,M,5,OL,G,Y,,H,2,"BAWW, AMRE",T,9,2,N,Hacienda,,,,,,,,,,
12,139,AE,1/19,0,0,855,AMRE,18.5279037,-68.3787845,IMM,M,5,OF,H,Y,,H,2,"BAWW, AMRE",T,9,2,N,Hacienda,,,,,,,,,,
12,139,AE,1/19,0,0,855,AMRE,18.5279037,-68.3787845,IMM,M,4,OL,G,Y,,H,2,"BAWW, AMRE",T,9,2,N,Hacienda,,,,,,,,,,
12,139,AE,1/19,0,0,855,AMRE,18.5279037,-68.3787845,IMM,M,4,UL,G,Y,,H,2,"BAWW, AMRE",T,9,2,N,Hacienda,,,,,,,,,,
12,139,AE,1/19,0,0,855,AMRE,18.5279037,-68.3787845,IMM,M,5,OL,G,Y,,H,2,"BAWW, AMRE",T,9,2,N,Hacienda,,,,,,,,,,
15,142,AE,1/19,0,0,905,AMRE,18.5281014,-68.3797169,F/J,U,2,OL,G,N,,,,,T,10,1,N,Hacienda,,,,,,,,,,
15,142,AE,1/19,0,0,905,AMRE,18.5281014,-68.3797169,F/J,U,4,OL,F,N,,,,,T,10,2,N,Hacienda,,,,,,,,,,
6,159,EH,1/19,0,0,934,AMRE,18.5086926,-68.3850324,F/J,U,4,UL,G,N,,,,,T,8,2,PISHING,Marina ,,,,,,,,,,
6,159,EH,1/19,0,0,934,AMRE,18.5086926,-68.3850324,F/J,U,4,UL,G,N,,,,,T,8,2,PISHING,Marina ,,,,,,,,,,
6,159,EH,1/19,0,0,934,AMRE,18.5086926,-68.3850324,F/J,U,3,UL,G,N,,,,,T,8,1,PISHING,Marina ,,,,,,,,,,
4,182,MG,1/19,30,1,1620,AMRE,18.5280022,-68.3782434,F/J,U,1,UL,H,,,,,,T,12,1,N,Hacienda,,,,,,,,,,
4,182,MG,1/19,30,1,1620,AMRE,18.5280022,-68.3782434,F/J,U,2,S,G,,,,,,T,12,1,N,Hacienda,,,,,,,,,,
5,193,MG,1/20,20,1,810,AMRE,18.5293161,-68.37581,F/J,U,6,OL,P,Y,15,H,8,"1 CMWA, AMRE, 2 NOPA, 3 YFGR, GABU, OVEN, 4 PRAW, 2 BCPT",T,6,2,N,Hacienda,,,,,,,,,,
5,193,MG,1/20,20,1,810,AMRE,18.5293161,-68.37581,F/J,U,6,UF,G,Y,15,H,8,"1 CMWA, AMRE, 2 NOPA, 3 YFGR, GABU, OVEN, 4 PRAW, 2 BCPT",T,6,2,N,Hacienda,,,,,,,,,,
14,202,MG,1/20,20,1,830,AMRE,18.5288936,-68.3759089,F/J,U,0.5,L,H,Y,3,H,3,"AMRE, BCPT, PRAW",B,2,1,N,Hacienda,,,,,,,,,,
14,202,MG,1/20,20,1,830,AMRE,18.5288936,-68.3759089,F/J,U,0.2,F,H,Y,3,H,3,"AMRE, BCPT, PRAW",B,2,1,N,Hacienda,,,,,,,,,,
14,266,MG,1/21,10,1,840,AMRE,18.526422,-68.3813129,AD,M,3,L,H,N,,,,,T,10,1,N,Man-made Lagoons,,,,,,,,,,
14,266,MG,1/21,10,1,840,AMRE,18.526422,-68.3813129,AD,M,3,F,F,N,,,,,T,10,1,N,Man-made Lagoons,,,,,,,,,,
14,266,MG,1/21,10,1,840,AMRE,18.526422,-68.3813129,AD,M,3,F,S,N,,,,,D,10,1,N,Man-made Lagoons,,,,,,,,,,
14,266,MG,1/21,10,1,840,AMRE,18.526422,-68.3813129,AD,M,3,SW,G,N,,,,,D,10,1,N,Man-made Lagoons,,,,,,,,,,
14,266,MG,1/21,10,1,840,AMRE,18.526422,-68.3813129,AD,M,4,F,F,N,,,,,T,10,2,N,Man-made Lagoons,,,,,,,,,,
12,33,E + M + A + K,1/12,30,1,1720,BAWW,18.5177221,-68.3798937,U,U,4,T,G,Y,3,H,3,"NOPA, AMRE",S,16,2,Y,Behind Sewage Ponds,,,,0,1,,,,,
12,33,E + M + A + K,1/12,30,1,1720,BAWW,18.5177221,-68.3798937,U,U,4,T,G,Y,3,H,3,"NOPA, AMRE",S,16,2,Y,Behind Sewage Ponds,,,,0,1,,,,,
9,68,MG,1/16,0,2,1753,BAWW,18.5277184,-68.3801203,U,U,1,T,G,N,,,,,T,12,1,Y,Man-made Lagoons,,,,,,,,,,
9,68,MG,1/16,0,2,1753,BAWW,18.5277184,-68.3801203,U,U,1,F,G,N,,,,,T,12,1,N,Man-made Lagoons,,,,,,,,,,
10,69,MG,1/16,0,2,1753,BAWW,18.5277184,-68.3801203,U,U,3,T,G,Y,2,H,2,"NOPA, BAWW",T,12,2,N,Man-made Lagoons,,,,,,,,,,
4,116,MG,1/19,0,0,930,BAWW,18.5167661,-68.3846422,U,U,1,T,G,N,,,,,T,10,1,N,Gavilan,,,,,,,,,,
13,140,AE,1/19,0,0,855,BAWW,18.5279037,-68.3787845,U,U,3,T,G,Y,,H,2,"BAWW, AMRE",T,9,1,N,Hacienda,,,,,,,,,,
13,140,AE,1/19,0,0,855,BAWW,18.5279037,-68.3787845,U,U,4,T,G,Y,,H,2,"BAWW, AMRE",T,9,2,N,Hacienda,,,,,,,,,,
21,148,AE,1/19,0,0,935,BAWW,18.5283999,-68.3773539,U,U,3,T,G,N,,,,,T,9,1,N,Hacienda,,,,,,,,,,
21,148,AE,1/19,0,0,935,BAWW,18.5283999,-68.3773539,U,U,5,T,G,N,,,,,T,9,2,N,Hacienda,,,,,,,,,,
7,216,AE,1/20,10,1,845,BAWW,18.516873,-68.3732766,U,U,4,T,G,N,,,,,T,12,2,N,Reserve,,,,,,,,,,
7,216,AE,1/20,10,1,845,BAWW,18.516873,-68.3732766,U,U,6,T,G,N,,,,,T,12,2,N,Reserve,,,,,,,,,,
7,216,AE,1/20,10,1,845,BAWW,18.516873,-68.3732766,U,U,6,T,G,N,,,,,T,12,2,N,Reserve,,,,,,,,,,
7,216,AE,1/20,10,1,845,BAWW,18.516873,-68.3732766,U,U,5,OF,G,N,,,,,T,12,2,N,Reserve,,,,,,,,,,
4,271,AE,1/21,10,1,740,BAWW,18.5157182,-68.3803208,U,U,5,T,G,Y,,H,4,"PRAW, YRWA, CMWA, BAWW",T,9,2,N,Behind Sewage Ponds,,,,,,,,,,
4,271,AE,1/21,10,1,740,BAWW,18.5157182,-68.3803208,U,U,5,OF,G,Y,,H,4,"PRAW, YRWA, CMWA, BAWW",T,9,2,N,Behind Sewage Ponds,,,,,,,,,,
4,271,AE,1/21,10,1,740,BAWW,18.5157182,-68.3803208,U,U,6,T,G,Y,,H,4,"PRAW, YRWA, CMWA, BAWW",T,9,2,N,Behind Sewage Ponds,,,,,,,,,,
4,271,AE,1/21,10,1,740,BAWW,18.5157182,-68.3803208,U,U,6,OL,G,Y,,H,4,"PRAW, YRWA, CMWA, BAWW",T,9,2,N,Behind Sewage Ponds,,,,,,,,,,
6,273,AE,1/21,10,1,822,BAWW,18.5199335,-68.3846867,U,U,5,T,G,Y,,H,4,"PRAW, YRWA, CMWA, BAWW",T,8,2,N,Behind Sewage Ponds,,,,,,,,,,
6,273,AE,1/21,10,1,822,BAWW,18.5199335,-68.3846867,U,U,6,T,G,Y,,H,4,"PRAW, YRWA, CMWA, BAWW",T,8,3,N,Behind Sewage Ponds,,,,,,,,,,
6,273,AE,1/21,10,1,822,BAWW,18.5199335,-68.3846867,U,U,7,OF,G,N,,,,,T,8,3,N,Behind Sewage Ponds,,,,,,,,,,
18,285,AE,1/21,10,1,912,BAWW,18.5197465,-68.3847374,U,U,6,T,G,Y,,H,3,"CMWA, NOPA, BAWW",T,9,2,N,Behind Sewage Ponds,,,,,,,,,,
18,285,AE,1/21,10,1,912,BAWW,18.5197465,-68.3847374,U,U,6,T,G,Y,,H,3,"CMWA, NOPA, BAWW",T,9,2,N,Behind Sewage Ponds,,,,,,,,,,
18,285,AE,1/21,10,1,912,BAWW,18.5197465,-68.3847374,U,U,6,T,S,Y,,H,3,"CMWA, NOPA, BAWW",T,9,2,N,Behind Sewage Ponds,,,,,,,,,,
4,38,A + M,1/13,10,3,1627,BBTO,18.5142799,-68.3748095,U,U,6,OL,F,Y,,C,1,,LT,12,2,N,Casitas,,,,,,,,,,
5,39,A + M,1/13,10,3,1631,BBTO,18.5142799,-68.3748095,U,U,4,OL,F,N,,,,,T,12,2,N,Casitas,,,,,,,,,,
5,39,A + M,1/13,10,3,1633,BBTO,18.5142799,-68.3748095,U,U,4,B,S,N,,,,,T,12,2,N,Casitas,,,,,,,,,,
5,39,A + M,1/13,10,3,1635,BBTO,18.5142799,-68.3748095,U,U,2,F,F,N,,,,,B,12,1,N,Casitas,,,,,,,,,,
5,39,A + M,1/13,10,3,1637,BBTO,18.5142799,-68.3748095,U,U,2,UL,H,N,,,,,T,12,1,N,Casitas,,,,,,,,,,
18,52,A + M,1/13,10,3,1745,BBTO,18.5109198,-68.3732619,U,U,4,F,F,N,,,,,S,25,1,N,Casitas,,,,,,,,,,
18,52,A + M,1/13,10,3,1750,BBTO,18.5109198,-68.3732619,U,U,4,F,F,N,,,,,S,25,1,N,Casitas,,,,,,,,,,
5,76,MG,1/17,0,2,1545,BBTO,18.5158308,-68.379616,U,U,2,F,F,Y,,H,4,"YRWA, CMWA, AMRE, BBTO",LT,9,1,N,Hacienda,,,,,,,,,,
3,115,MG,1/19,0,0,915,BBTO,18.5203553,-68.3846401,U,U,4.5,UL,H,N,,,,,T,10,2,N,Gavilan,,,,,,,,,,
3,130,AE,1/19,0,0,805,BBTO,18.5164466,-68.3797525,U,U,8,OL,F,N,,,,,T,10,3,N,Hacienda,,,,,,,,,,
3,130,AE,1/19,0,0,805,BBTO,18.5164466,-68.3797525,U,U,7,OL,F,N,,,,,T,10,3,N,Hacienda,,,,,,,,,,
3,130,AE,1/19,0,0,805,BBTO,18.5164466,-68.3797525,U,U,7,OF,S,N,,,,,T,10,3,N,Hacienda,,,,,,,,,,
4,131,AE,1/19,0,0,810,BBTO,18.5175116,-68.3805347,U,U,5,OL,F,N,,,,,T,9,2,N,Hacienda,,,,,,,,,,
4,131,AE,1/19,0,0,810,BBTO,18.5175116,-68.3805347,U,U,4,OF,F,N,,,,,T,9,2,N,Hacienda,,,,,,,,,,
8,135,AE,1/19,0,0,819,BBTO,18.5183572,-68.3810296,U,U,6,OL,F,N,,,,,T,10,2,N,Hacienda,,,,,,,,,,
18,145,AE,1/19,0,0,930,BBTO,18.5281014,-68.3797169,U,U,4,OL,F,N,,,,,T,10,2,N,Hacienda,,,,,,,,,,
2,211,AE,1/20,10,1,745,BBTO,18.5149946,-68.3770277,F/J,U,7,OL,G,N,,,,,T,12,2,N,Reserve,,,,,,,,,,
5,214,AE,1/20,10,1,832,BBTO,18.513674,-68.3739928,U,U,6,OL,F,N,,,,,T,12,2,N,Reserve,,,,,,,,,,
5,214,AE,1/20,10,1,832,BBTO,18.513674,-68.3739928,U,U,6,OL,F,N,,,,,T,12,2,N,Reserve,,,,,,,,,,
6,215,AE,1/20,10,1,838,BBTO,18.513674,-68.3739928,U,U,5,OF,F,N,,,,,T,12,2,N,Reserve,,,,,,,,,,
11,220,AE,1/20,10,1,952,BBTO,18.5108511,-68.3788442,U,U,4,OL,F,N,,,,,T,8,2,N,Reserve,,,,,,,,,,
12,221,AE,1/20,10,1,1005,BBTO,18.5108511,-68.3788442,U,U,3,OL,F,N,,,,,T,8,2,N,Reserve,,,,,,,,,,
12,221,AE,1/20,10,1,1005,BBTO,18.51399,-68.3780516,U,U,3,OF,F,N,,,,,T,8,2,N,Reserve,,,,,,,,,,
6,258,MG,1/21,10,1,755,BBTO,18.5181045,-68.3808616,U,U,2,L,H,Y,2,C,1,,S,8,1,N,Man-made Lagoons,,,,,,,,,,
6,258,MG,1/21,10,1,755,BBTO,18.5181045,-68.3808616,U,U,2,L,H,Y,2,C,1,,S,8,1,N,Man-made Lagoons,,,,,,,,,,
6,258,MG,1/21,10,1,755,BBTO,18.5181045,-68.3808616,U,U,3,F,F,Y,2,C,1,,S,8,1,N,Man-made Lagoons,,,,,,,,,,
7,259,MG,1/21,10,1,755,BBTO,18.5181045,-68.3808616,U,U,2.5,F,F,Y,2,C,1,,S,8,1,N,Man-made Lagoons,,,,,,,,,,
7,274,AE,1/21,10,1,830,BBTO,18.5199335,-68.3846867,U,U,4,OL,F,N,,,,,T,8,2,N,Behind Sewage Ponds,,,,,,,,,,
7,274,AE,1/21,10,1,830,BBTO,18.5199335,-68.3846867,U,U,4,OF,F,N,,,,,T,8,2,N,Behind Sewage Ponds,,,,,,,,,,
7,274,AE,1/21,10,1,830,BBTO,18.5199335,-68.3846867,U,U,5,OL,F,N,,,,,T,8,2,N,Behind Sewage Ponds,,,,,,,,,,
12,279,AE,1/21,10,1,908,BBTO,18.5204536,-68.3842143,U,U,6,OL,F,N,,,,,T,9,2,N,Behind Sewage Ponds,,,,,,,,,,
12,279,AE,1/21,10,1,908,BBTO,18.5204536,-68.3842143,U,U,6,OL,F,N,,,,,T,9,2,N,Behind Sewage Ponds,,,,,,,,,,
12,279,AE,1/21,10,1,908,BBTO,18.5204536,-68.3842143,U,U,6,OL,F,N,,,,,T,9,2,N,Behind Sewage Ponds,,,,,,,,,,
14,281,AE,1/21,10,1,908,BBTO,18.5204536,-68.3842143,U,U,5,OF,F,N,,,,,T,9,2,N,Behind Sewage Ponds,,,,,,,,,,
14,281,AE,1/21,10,1,908,BBTO,18.5204536,-68.3842143,U,U,5,OL,F,N,,,,,T,9,2,N,Behind Sewage Ponds,,,,,,,,,,
14,281,AE,1/21,10,1,908,BBTO,18.5204536,-68.3842143,U,U,6,OF,S,N,,,,,T,9,2,N,Behind Sewage Ponds,,,,,,,,,,
13,242,K,1/20,40,1,850,BCPT,"18º31`10""N","68º22`27""W",U,U,10,UL,G,N,-,-,-,-,T,15,3,N,Tortuga Bay - Main Road,,,,,,,,,,
13,242,K,1/20,40,1,914,BCPT,"18º31`10""N","68º22`27""W",U,U,10,OL,G,N,-,-,-,-,T,15,3,N,Tortuga Bay - Main Road,,,,,,,,,,
19,288,K,1/20,40,1,916,BCPT,"18º31`11""N","68º22`27""W",U,U,3.5,B,G,N,-,-,-,-,T,15,1,N,Tortuga Bay - Main Road,,,,,,,,,,
19,288,K,1/20,40,1,916,BCPT,"18º31`11""N","68º22`27""W",U,U,3.8,L,K,N,-,-,-,-,T,15,1,N,Tortuga Bay - Main Road,,,,,,,,,,
19,288,K,1/20,40,1,916,BCPT,"18º31`11""N","68º22`27""W",U,U,3.8,L,K,N,-,-,-,-,T,15,1,N,Tortuga Bay - Main Road,,,,,,,,,,
19,288,K,1/20,40,1,916,BCPT,"18º31`11""N","68º22`27""W",U,U,3.8,L,K,N,-,-,-,-,T,15,,N,Tortuga Bay - Main Road,,,,,,,,,,
2,249,K,1/20,10,1,1627,BCPT,"18º31`10""N","68º23`05""W",U,U,7,OL,G,N,2,C,1,-,T,13,2,N,Gavilan,,,,,,,,,,
2,249,K,1/20,10,1,1627,BCPT,"18º31`10""N","68º23`05""W",U,U,8,OL,K,N,2,C,1,-,T,13,2,N,Gavilan,,,,,,,,,,
11,263,MG,1/21,10,1,825,BCPT,18.5253697,-68.3817028,U,U,7,OS,G,Y,2,C,1,,T,12,2,N,Man-made Lagoons,,,,,,,,,,
11,263,MG,1/21,10,1,825,BCPT,18.5253697,-68.3817028,U,U,7,Y,C,Y,2,C,1,,T,12,2,N,Man-made Lagoons,,,,,,,,,,
11,263,MG,1/21,10,1,825,BCPT,18.5253697,-68.3817028,U,U,7,Y,C,Y,2,C,1,,T,12,2,N,Man-made Lagoons,,,,,,,,,,
12,264,MG,1/21,10,1,825,BCPT,18.5253697,-68.3817028,U,U,7,Y,C,Y,2,C,1,,T,12,2,N,Man-made Lagoons,,,,,,,,,,
12,264,MG,1/21,10,1,825,BCPT,18.5253697,-68.3817028,U,U,7,Y,C,Y,2,C,1,,T,12,2,N,Man-made Lagoons,,,,,,,,,,
12,264,MG,1/21,10,1,825,BCPT,18.5253697,-68.3817028,U,U,7,Y,C,Y,2,C,1,,T,12,2,N,Man-made Lagoons,,,,,,,,,,
12,264,MG,1/21,10,1,825,BCPT,18.5253697,-68.3817028,U,U,7,UL,H,Y,2,C,1,,T,12,2,N,Man-made Lagoons,,,,,,,,,,
12,264,MG,1/21,10,1,825,BCPT,18.5253697,-68.3817028,U,U,7,OL,G,Y,2,C,1,,T,12,2,N,Man-made Lagoons,,,,,,,,,,
19,286,AE,1/21,10,1,920,BCPT,18.5194191,-68.3844604,U,U,4,OL,G,N,,,,,T,9,2,N,Behind Sewage Ponds,,,,,,,,,,
19,53,A + M,1/13,10,3,1745,BTBW,18.5109198,-68.3732619,F/J,U,4,UL,G,N,,,,,S,25,1,N,Casitas,,,,,,,,,,
1,105,AE,1/18,60,3,1659,BWVI,18.5140342,-68.3733765,U,U,6,OL,G,N,,,,,T,12,2,N,Casitas - Polo,,,,,,,,,,
2,114,MG,1/19,0,0,815,BWVI,18.5186707,-68.3829471,U,U,1.8,UL,G,N,,,,,B,6,1,N,Gavilan,,,,,,,,,,
9,136,AE,1/19,0,0,825,BWVI,18.5189956,-68.3812277,U,U,5,OF,G,N,,,,,T,10,2,N,Hacienda,,,,,,,,,,
9,136,AE,1/19,0,0,825,BWVI,18.5189956,-68.3812277,U,U,6,OL,G,N,,,,,T,10,2,N,Hacienda,,,,,,,,,,
9,136,AE,1/19,0,0,825,BWVI,18.5189956,-68.3812277,U,U,6,Y,C,N,,,,,T,10,2,N,Hacienda,,,,,,,,,,
9,136,AE,1/19,0,0,825,BWVI,18.5189956,-68.3812277,U,U,6,Y,C,N,,,,,T,10,2,N,Hacienda,,,,,,,,,,
1,179,MG,1/19,30,1,1550,BWVI,18.5187031,-68.3812601,U,U,6,OF,G,,,,,,T,8,3,N,Hacienda,,,,,,,,,,
1,179,MG,1/19,30,1,1550,BWVI,18.5187031,-68.3812601,U,U,6,UL,G,,,,,,T,8,3,N,Hacienda,,,,,,,,,,
1,179,MG,1/19,30,1,1550,BWVI,18.5187031,-68.3812601,U,U,6,B,G,,,,,,T,8,3,N,Hacienda,,,,,,,,,,
1,179,MG,1/19,30,1,1550,BWVI,18.5187031,-68.3812601,U,U,6,B,G,,,,,,T,8,3,N,Hacienda,,,,,,,,,,
1,179,MG,1/19,30,1,1550,BWVI,18.5187031,-68.3812601,U,U,6,B,G,,,,,,T,8,3,N,Hacienda,,,,,,,,,,
22,287,MG,1/20,20,1,845,BWVI,18.5288936,-68.3759089,U,U,4,OL,G,N,,,,,B,5,3,N,Hacienda,,,,,,,,,,
21,209,MG,1/20,20,1,937,BWVI,18.5185296,-68.3811201,U,U,8,OS,G,N,,,,,T,9,3,N,Hacienda,,,,,,,,,,
21,209,MG,1/20,20,1,937,BWVI,18.5185296,-68.3811201,U,U,7,Y,C,N,,,,,T,9,3,N,Hacienda,,,,,,,,,,
21,209,MG,1/20,20,1,937,BWVI,18.5185296,-68.3811201,U,U,7,Y,C,N,,,,,T,9,3,N,Hacienda,,,,,,,,,,
8,217,AE,1/20,10,1,849,BWVI,18.516873,-68.3732766,U,U,5,OL,G,N,,,,,T,17,1,N,Reserve,,,,,,,,,,
8,217,AE,1/20,10,1,849,BWVI,18.516873,-68.3732766,U,U,6,OL,G,N,,,,,T,17,2,N,Reserve,,,,,,,,,,
8,217,AE,1/20,10,1,849,BWVI,18.516873,-68.3732766,U,U,6,Y,C,N,,,,,T,17,2,N,Reserve,,,,,,,,,,
5,227,EH,1/20,10,1,905,BWVI,18.5316949,-68.3830711,U,U,7.5,Y,C,N,-,- ,-,,T,8,3,N,Hacienda,,,,x3,,,,,,
5,227,EH,1/20,10,1,905,BWVI,18.5316949,-68.3830711,U,U,7.5,Y,C,N,-,- ,-,,T,8,3,N,Hacienda,,,,x3,,,,,,
5,227,EH,1/20,10,1,905,BWVI,18.5316949,-68.3830711,U,U,7.5,Y,C,N,-,- ,-,,T,8,3,N,Hacienda,,,,x3,,,,,,
12,241,K,1/20,40,1,842,BWVI,"18º31`9""N","68º22`28""W",J,U,4,UL,G,N,-,-,-,-,T,7,3,N,Tortuga Bay - Main Road,,,,,,,,,,
3,255,MG,1/21,10,1,745,BWVI,18.5168452,-68.3799738,U,U,11,OL,G,N,,,,,T,12,3,N,Man-made Lagoons,,,,,,,,,,
3,255,MG,1/21,10,1,745,BWVI,18.5168452,-68.3799738,U,U,11,OL,G,N,,,,,T,12,3,N,Man-made Lagoons,,,,,,,,,,
3,255,MG,1/21,10,1,745,BWVI,18.5168452,-68.3799738,U,U,11,OL,G,N,,,,,T,12,3,N,Man-made Lagoons,,,,,,,,,,
3,255,MG,1/21,10,1,745,BWVI,18.5168452,-68.3799738,U,U,11,OL,G,N,,,,,T,12,3,N,Man-made Lagoons,,,,,,,,,,
3,255,MG,1/21,10,1,745,BWVI,18.5168452,-68.3799738,U,U,11,OL,G,N,,,,,T,12,3,N,Man-made Lagoons,,,,,,,,,,
5,257,MG,1/21,10,1,745,BWVI,18.5168452,-68.3799738,U,U,4,OL,G,N,,,,,T,10,2,N,Man-made Lagoons,,,,,,,,,,
8,260,MG,1/21,10,1,815,BWVI,18.5140475,-68.38124702,U,U,6,Y,C,Y,2,C,1,,T,8,3,N,Man-made Lagoons,,,,,,,,,,
8,260,MG,1/21,10,1,815,BWVI,18.5140475,-68.38124702,U,U,6,Y,C,Y,2,C,1,,T,8,3,N,Man-made Lagoons,,,,,,,,,,
8,260,MG,1/21,10,1,815,BWVI,18.5140475,-68.38124702,U,U,6,Y,C,Y,2,C,1,,T,8,3,N,Man-made Lagoons,,,,,,,,,,
8,260,MG,1/21,10,1,815,BWVI,18.5140475,-68.38124702,U,U,6,Y,C,Y,2,C,1,,T,8,3,N,Man-made Lagoons,,,,,,,,,,
8,260,MG,1/21,10,1,815,BWVI,18.5140475,-68.38124702,U,U,6,Y,C,Y,2,C,1,,T,8,3,N,Man-made Lagoons,,,,,,,,,,
9,261,MG,1/21,10,1,815,BWVI,18.5140475,-68.38124702,U,U,7,Y,C,Y,2,C,1,,T,8,3,N,Man-made Lagoons,,,,,,,,,,
9,261,MG,1/21,10,1,815,BWVI,18.5140475,-68.38124702,U,U,7,Y,C,Y,2,C,1,,T,8,3,N,Man-made Lagoons,,,,,,,,,,
9,261,MG,1/21,10,1,815,BWVI,18.5140475,-68.38124702,U,U,7,Y,C,Y,2,C,1,,T,8,3,N,Man-made Lagoons,,,,,,,,,,
9,261,MG,1/21,10,1,815,BWVI,18.5140475,-68.38124702,U,U,7,Y,C,Y,2,C,1,,T,8,3,N,Man-made Lagoons,,,,,,,,,,
9,261,MG,1/21,10,1,815,BWVI,18.5140475,-68.38124702,U,U,7,Y,C,Y,2,C,1,,T,8,3,N,Man-made Lagoons,,,,,,,,,,
10,262,MG,1/21,10,1,815,BWVI,18.5140475,-68.38124702,U,U,8,OF,G,N,,,,,T,10,3,N,Man-made Lagoons,,,,,,,,,,
10,262,MG,1/21,10,1,815,BWVI,18.5140475,-68.38124702,U,U,5,OL,G,N,,,,,T,10,2,N,Man-made Lagoons,,,,,,,,,,
10,262,MG,1/21,10,1,815,BWVI,18.5140475,-68.38124702,U,U,5,UL,G,N,,,,,T,10,2,N,Man-made Lagoons,,,,,,,,,,
10,262,MG,1/21,10,1,815,BWVI,18.5140475,-68.38124702,U,U,5,UL,G,N,,,,,T,10,2,N,Man-made Lagoons,,,,,,,,,,
8,275,AE,1/21,10,1,840,BWVI,18.5202717,-68.3845543,U,U,7,OL,G,N,,,,,T,8,3,N,Behind Sewage Ponds,,,,,,,,,,
8,275,AE,1/21,10,1,840,BWVI,18.5202717,-68.3845543,U,U,7,UL,G,N,,,,,T,8,3,N,Behind Sewage Ponds,,,,,,,,,,
8,275,AE,1/21,10,1,840,BWVI,18.5202717,-68.3845543,U,U,7,OF,G,N,,,,,T,8,3,N,Behind Sewage Ponds,,,,,,,,,,
9,276,AE,1/21,10,1,840,BWVI,18.5202717,-68.3845543,U,U,6,Y,C,N,,,,,T,8,3,N,Behind Sewage Ponds,,,,,,,,,,
9,276,AE,1/21,10,1,840,BWVI,18.5202717,-68.3845543,U,U,7,OL,G,N,,,,,T,8,3,N,Behind Sewage Ponds,,,,,,,,,,
9,276,AE,1/21,10,1,840,BWVI,18.5202717,-68.3845543,U,U,6,OL,G,N,,,,,T,8,3,N,Behind Sewage Ponds,,,,,,,,,,
21,21,E + M,1/11,30,2,1728,CMWA,18.5283316,-68.3805736,U,U,7,OF,G,Y,3,H,3,"BCPT, NOPA",,,,N,Behind Sewage Ponds,,,,1.5,4,Intermediate edge,9,,,
5,26,E + M + A + K,1/12,30,1,1640,CMWA,18.5202062,-68.3896133,Ad,U,5,UF,G,N,,,,,T,,,Y,Behind Sewage Ponds,,,,1,,,,,,
5,26,E + M + A + K,1/12,30,1,1640,CMWA,18.5202062,-68.3896133,U,U,3,OL,H,N,,,,,T,,,Y,Behind Sewage Ponds,,,,0,,,,,,
5,26,E + M + A + K,1/12,30,1,1642,CMWA,18.5202062,-68.3896133,U,U,4,UL,G,N,,,,,B,,,Y,Behind Sewage Ponds,,,,0,,,,,,
7,28,E + M + A + K,1/12,30,1,1650,CMWA,18.5191158,-68.3849737,Ad,M,7,OF,G,Y,2,H,2,NOPA,T,9,3,Y,Behind Sewage Ponds,,,,,,,,,,
10,44,A + M,1/13,10,3,1715,CMWA,18.51419,-68.3720136,F/J,U,7,OL,G,Y,,H,2,"CMWA, YRWA",T,13,3,N,Casitas,,,,,,,,,,
17,51,A + M,1/13,10,3,1725,CMWA,18.51419,-68.3720136,Ad,M,13,OF,G,N,,,,,LT,13,3,N,Casitas,,,,,,,,,,
17,51,A + M,1/13,10,3,1725,CMWA,18.51419,-68.3720136,Ad,M,13,OL,G,N,,,,,LT,13,3,N,Casitas,,,,,,,,,,
17,51,A + M,1/13,10,3,1725,CMWA,18.51419,-68.3720136,Ad,M,13,SW,G,N,,,,,LT,13,3,N,Casitas,,,,,,,,,,
17,51,A + M,1/13,10,3,1725,CMWA,18.51419,-68.3720136,Ad,M,13,OS,G,N,,,,,LT,13,3,N,Casitas,,,,,,,,,,
17,51,A + M,1/13,10,3,1725,CMWA,18.51419,-68.3720136,Ad,M,11,UF,G,N,,,,,LT,13,3,N,Casitas,,,,,,,,,,
2,54,A + E,1/15,100,3,1607,CMWA,18.5145753,-68.3728937,Ad,M,8,F,G,Y,2,H,2,"CMWA, NOPA",LT,10,3,N,Casitas,,,,,,,,,,
2,54,A + E,1/15,100,3,1607,CMWA,18.5145753,-68.3728937,Ad,M,8,,F,Y,2,H,2,"CMWA, NOPA",LT,10,3,N,Casitas,,,,,,,,,,
2,54,A + E,1/15,100,3,1607,CMWA,18.5145753,-68.3728937,Ad,M,9,F,G,Y,2,H,2,"CMWA, NOPA",LT,10,3,N,Casitas,,,,,,,,,,
8,67,MG,1/16,0,2,1741,CMWA,18.5282518,-68.3815794,F/J,U,9,OF,G,Y,2,H,2,"4 CMWA, 1 AMRE",T,11,3,Y,Man-made Lagoons,,,,,,,,,,
1,72,AE,1/17,0,2,1535,CMWA,18.5158308,-68.379616,Ad,M,1.5,OL,G,N,,,,,S,,,N,Hacienda,,,,,,,,,,
1,72,AE,1/17,0,2,1535,CMWA,18.5158308,-68.379616,Ad,M,1.5,OF,G,N,,,,,S,,,N,Hacienda,,,,,,,,,,
1,72,AE,1/17,0,2,1535,CMWA,18.5158308,-68.379616,Ad,M,1.5,OF,G,N,,,,,S,,,N,Hacienda,,,,,,,,,,
1,72,AE,1/17,0,2,1535,CMWA,18.5158308,-68.379616,Ad,M,1.5,OF,G,N,,,,,S,,,N,Hacienda,,,,,,,,,,
1,72,AE,1/17,0,2,1535,CMWA,18.5158308,-68.379616,Ad,M,1.5,OL,G,N,,,,,S,,,N,Hacienda,,,,,,,,,,
24,95,MG,1/17,0,2,1745,CMWA,18.5374397,-68.3761124,Ad,M,7,UL,G,Y,,H,2,"NOPA, CMWA",T,14,2,N,Hacienda,,,,,,,,,,
24,95,MG,1/17,0,2,1745,CMWA,18.5374397,-68.3761124,Ad,M,7,OL,G,Y,,H,2,"NOPA, CMWA",T,14,2,N,Hacienda,,,,,,,,,,
24,95,MG,1/17,0,2,1745,CMWA,18.5374397,-68.3761124,Ad,M,7,OF,G,Y,,H,2,"NOPA, CMWA",T,14,2,N,Hacienda,,,,,,,,,,
25,96,MG,1/17,0,2,1745,CMWA,18.5374397,-68.3761124,Ad,M,7,OL,G,Y,,H,2,"NOPA, CMWA",T,14,2,N,Hacienda,,,,,,,,,,
25,96,MG,1/17,0,2,1745,CMWA,18.5374397,-68.3761124,Ad,M,7,OF,G,Y,,H,2,"NOPA, CMWA",T,14,2,N,Hacienda,,,,,,,,,,
1,97,MG,1/18,60,2,1638,CMWA,18.5084551,-68.374484,,M,10,UL,G,N,,,,,T,15,2,PISHING,FUNDACION,,,,,,,,,,
1,97,MG,1/18,60,2,1638,CMWA,18.5084551,-68.374484,,M,10,F,G,N,,,,,T,15,2,PISHING,FUNDACION,,,,,,,,,,
1,97,MG,1/18,60,2,1638,CMWA,18.5084551,-68.374484,,M,10,UL,G,N,,,,,T,15,2,PISHING,FUNDACION,,,,,,,,,,
1,97,MG,1/18,60,2,1638,CMWA,18.5084551,-68.374484,,M,10,OL,G,N,,,,,T,15,2,PISHING,FUNDACION,,,,,,,,,,
1,97,MG,1/18,60,2,1638,CMWA,18.5084551,-68.374484,,M,10,OL,G,N,,,,,T,15,2,PISHING,FUNDACION,,,,,,,,,,
1,97,MG,1/18,60,2,1638,CMWA,18.5084551,-68.374484,,M,10,UL,G,N,,,,,T,15,2,PISHING,FUNDACION,,,,,,,,,,
1,97,MG,1/18,60,2,1638,CMWA,18.5084551,-68.374484,,M,10,F,G,N,,,,,T,15,2,PISHING,FUNDACION,,,,,,,,,,
1,97,MG,1/18,60,2,1638,CMWA,18.5084551,-68.374484,,M,10,UL,G,N,,,,,T,15,2,PISHING,FUNDACION,,,,,,,,,,
2,106,AE,1/18,60,3,1710,CMWA,18.5157239,-68.3739981,U,U,5,F,F,N,,,,,T,8,2,N,Casitas - Polo,,,,,,,,,,
2,129,AE,1/19,0,0,805,CMWA,18.5164466,-68.3797525,AD,M,6,OL,G,N,,,,,,10,2,N,Hacienda,,,,,,,,,,
2,129,AE,1/19,0,0,805,CMWA,18.5164466,-68.3797525,AD,M,5,OL,H,N,,,,,,10,2,N,Hacienda,,,,,,,,,,
22,149,AE,1/19,0,0,950,CMWA,18.5246837,-68.378869,F/J,U,7,OF,F,Y,,H,2,"CMWA, YRWA",T,12,2,N,Hacienda,,,,,,,,,,
22,149,AE,1/19,0,0,950,CMWA,18.5246837,-68.378869,F/J,U,6,OL,H,Y,,H,2,"CMWA, YRWA",T,12,2,N,Hacienda,,,,,,,,,,
22,149,AE,1/19,0,0,950,CMWA,18.5246837,-68.378869,F/J,U,6,OL,G,Y,,H,2,"CMWA, YRWA",T,12,2,N,Hacienda,,,,,,,,,,
22,149,AE,1/19,0,0,950,CMWA,18.5246837,-68.378869,F/J,U,5,UL,G,Y,,H,2,"CMWA, YRWA",T,12,2,N,Hacienda,,,,,,,,,,
23,150,AE,1/19,0,0,952,CMWA,18.5246837,-68.378869,AD,M,6,OL,H,Y,,H,2,"CMWA, YRWA",T,12,2,N,Hacienda,,,,,,,,,,
23,150,AE,1/19,0,0,952,CMWA,18.5246837,-68.378869,AD,M,4,OL,G,Y,,H,2,"CMWA, YRWA",T,12,2,N,Hacienda,,,,,,,,,,
23,150,AE,1/19,0,0,952,CMWA,18.5246837,-68.378869,AD,M,5,OL,G,Y,,H,2,"CMWA, YRWA",T,12,2,N,Hacienda,,,,,,,,,,
23,150,AE,1/19,0,0,952,CMWA,18.5246837,-68.378869,AD,M,5,OL,H,Y,,H,2,"CMWA, YRWA",T,12,1,N,Hacienda,,,,,,,,,,
1,154,EH,1/19,0,0,758,CMWA,18.515709,-68.3797746,AD,M,9,OL,G,Y,3,H,2,"2 YRWA, CMWA",T,10,3,N,Marina ,,,,,,,,,,
1,154,EH,1/19,0,0,758,CMWA,18.515709,-68.3797746,AD,M,9,OF,G,Y,3,H,2,"2 YRWA, CMWA",T,10,3,N,Marina ,,,,,,,,,,
1,154,EH,1/19,0,0,758,CMWA,18.515709,-68.3797746,AD,M,9,OL,G,Y,3,H,2,"2 YRWA, CMWA",T,10,3,N,Marina ,,,,,,,,,,
1,154,EH,1/19,0,0,758,CMWA,18.515709,-68.3797746,AD,M,9,UL,G,Y,3,H,2,"2 YRWA, CMWA",T,10,3,N,Marina ,,,,,,,,,,
1,154,EH,1/19,0,0,758,CMWA,18.515709,-68.3797746,AD,M,9,OF,G,Y,3,H,2,"2 YRWA, CMWA",T,10,3,N,Marina ,,,,,,,,,,
1,154,EH,1/19,0,0,758,CMWA,18.515709,-68.3797746,AD,M,9,OL,G,Y,3,H,2,"2 YRWA, CMWA",T,10,3,N,Marina ,,,,,,,,,,
1,154,EH,1/19,0,0,758,CMWA,18.515709,-68.3797746,AD,M,9,OL,G,Y,3,H,2,"2 YRWA, CMWA",T,10,3,N,Marina ,,,,,,,,,,
9,175,K,1/19,40,1,1730,CMWA,18.517695,-68.3755179,F/J,U,6,F,G,Y,-,H,3,"YRWA(3), PRAW(1)",T,16,2,N,Reserve to Casitas,,,,,,,,,,
9,175,K,1/19,40,1,1730,CMWA,18.517695,-68.3755179,F/J,U,7,UL,G,Y,-,H,3,"YRWA(3), PRAW(1)",T,16,2,N,Reserve to Casitas,,,,,,,,,,
9,175,K,1/19,40,1,1730,CMWA,18.517695,-68.3755179,F/J,U,7,L,H,Y,-,H,3,"YRWA(3), PRAW(1)",T,16,2,N,Reserve to Casitas,,,,,,,,,,
9,175,K,1/19,40,1,1730,CMWA,18.517695,-68.3755179,F/J,U,7,L,S,Y,-,H,3,"YRWA(3), PRAW(1)",T,16,2,N,Reserve to Casitas,,,,,,,,,,
10,176,K,1/19,40,1,1750,CMWA,18.517695,-68.3755179,F/J,U,10,F,P,Y,-,H,3,"YRWA(3), NOPA (1), PRAW(2)",T,16,3,Y,Reserve to Casitas,,,,,,,,,,
9,175,E,1/19,40,1,1600,CMWA,18.517695,-68.3755179,U,U,9,L,H,Y,-,H,3,"YRWA(3), NOPA (1), PRAW(1)",T,16,2,N,Reserve to Casitas,,,,,,,,,,
9,175,E,1/19,40,1,1600,CMWA,18.517695,-68.3755179,U,U,9,L,H,Y,-,H,3,"YRWA(3), NOPA (1), PRAW(1)",T,16,2,N,Reserve to Casitas,,,,,,,,,,
9,175,E,1/19,40,1,1600,CMWA,18.517695,-68.3755179,U,U,9,L,H,Y,-,H,3,"YRWA(3), NOPA (1), PRAW(1)",T,16,2,N,Reserve to Casitas,,,,,,,,,,
9,175,E,1/19,40,1,1600,CMWA,18.517695,-68.3755179,U,U,9,L,H,Y,-,H,3,"YRWA(3), NOPA (1), PRAW(1)",T,16,2,N,Reserve to Casitas,,,,,,,,,,
5,183,MG,1/19,30,1,1705,CMWA,18.5397548,-68.3735184,F/J,U,8,OL,G,,,,,,T,9,3,N,Hacienda,,,,,,,,,,
6,184,MG,1/19,30,1,1720,CMWA,18.5434174,-68.3730631,Ad,M,3.5,W,D,,,,,,T,10,2,N,Hacienda,,,,,,,,,,
6,184,MG,1/19,30,1,1720,CMWA,18.5434174,-68.3730631,Ad,M,3.5,W,D,,,,,,T,10,2,N,Hacienda,,,,,,,,,,
6,184,MG,1/19,30,1,1720,CMWA,18.5434174,-68.3730631,Ad,M,3.5,W,D,,,,,,T,10,2,N,Hacienda,,,,,,,,,,
6,184,MG,1/19,30,1,1720,CMWA,18.5434174,-68.3730631,Ad,M,3.5,W,D,,,,,,T,10,2,N,Hacienda,,,,,,,,,,
6,184,MG,1/19,30,1,1720,CMWA,18.5434174,-68.3730631,Ad,M,3.5,F,G,,,,,,T,10,2,N,Hacienda,,,,,,,,,,
8,186,MG,1/19,30,1,1755,CMWA,18.5390237,-68.373864,U,U,1.5,OF,G,Y,3,H,2,"2 CMWA, NOPA",B,13,1,N,Hacienda,,,,,,,,,,
8,186,MG,1/19,30,1,1755,CMWA,18.5390237,-68.373864,U,U,1.5,F,F,Y,3,H,2,"2 CMWA, NOPA",B,13,1,N,Hacienda,,,,,,,,,,
8,186,MG,1/19,30,1,1755,CMWA,18.5390237,-68.373864,U,U,1.5,L,H,Y,3,H,2,"2 CMWA, NOPA",B,13,1,N,Hacienda,,,,,,,,,,
8,186,MG,1/19,30,1,1755,CMWA,18.5390237,-68.373864,U,U,1.5,UL,G,Y,3,H,2,"2 CMWA, NOPA",B,13,1,N,Hacienda,,,,,,,,,,
8,186,MG,1/19,30,1,1755,CMWA,18.5390237,-68.373864,U,U,1.5,OL,G,Y,3,H,2,"2 CMWA, NOPA",S,13,1,N,Hacienda,,,,,,,,,,
10,188,MG,1/19,30,1,1755,CMWA,18.5390237,-68.373864,U,U,9,W,D,,,,,,T,11,3,N,Hacienda,,,,,,,,,,
1,189,MG,1/20,20,1,722,CMWA,18.5160024,-68.3792264,Ad,M,9,OL,G,,,,,,T,11,3,N,Hacienda,,,,,,,,,,
1,189,MG,1/20,20,1,722,CMWA,18.5160024,-68.3792264,Ad,M,9,OL,G,,,,,,T,11,3,N,Hacienda,,,,,,,,,,
1,189,MG,1/20,20,1,722,CMWA,18.5160024,-68.3792264,Ad,M,9,OL,G,,,,,,T,11,3,N,Hacienda,,,,,,,,,,
1,189,MG,1/20,20,1,722,CMWA,18.5160024,-68.3792264,Ad,M,9,OL,G,,,,,,T,11,3,N,Hacienda,,,,,,,,,,
2,190,MG,1/20,20,1,722,CMWA,18.5160024,-68.3792264,Ad,M,6,OF,G,,,,,,T,11,2,N,Hacienda,,,,,,,,,,
2,190,MG,1/20,20,1,722,CMWA,18.5160024,-68.3792264,Ad,M,6,UF,G,,,,,,T,11,2,N,Hacienda,,,,,,,,,,
2,190,MG,1/20,20,1,722,CMWA,18.5160024,-68.3792264,Ad,M,6,F,F,,,,,,T,11,2,N,Hacienda,,,,,,,,,,
3,191,MG,1/20,20,1,750,CMWA,18.5267132,-68.3783728,Ad,M,13,W,D,,,,,,T,14,3,N,Hacienda,,,,,,,,,,
3,191,MG,1/20,20,1,750,CMWA,18.5267132,-68.3783728,Ad,M,13,W,D,,,,,,T,14,3,N,Hacienda,,,,,,,,,,
3,191,MG,1/20,20,1,750,CMWA,18.5267132,-68.3783728,Ad,M,13,W,D,,,,,,T,14,3,N,Hacienda,,,,,,,,,,
3,191,MG,1/20,20,1,750,CMWA,18.5267132,-68.3783728,Ad,M,13,W,D,,,,,,T,14,3,N,Hacienda,,,,,,,,,,
3,191,MG,1/20,20,1,750,CMWA,18.5267132,-68.3783728,Ad,M,13,W,D,,,,,,T,14,3,N,Hacienda,,,,,,,,,,
3,191,MG,1/20,20,1,750,CMWA,18.5267132,-68.3783728,Ad,M,13,W,D,,,,,,T,14,3,N,Hacienda,,,,,,,,,,
3,191,MG,1/20,20,1,750,CMWA,18.5267132,-68.3783728,Ad,M,13,UL,G,,,,,,T,14,3,N,Hacienda,,,,,,,,,,
3,191,MG,1/20,20,1,750,CMWA,18.5267132,-68.3783728,Ad,M,12,F,S,,,,,,T,14,3,N,Hacienda,,,,,,,,,,
3,191,MG,1/20,20,1,750,CMWA,18.5267132,-68.3783728,Ad,M,12,OL,G,,,,,,T,14,3,N,Hacienda,,,,,,,,,,
13,222,AE,1/20,10,1,1030,CMWA,18.5157729,-68.3801712,F/J,U,2,OL,G,N,,,,,S,7,1,N,Reserve,,,,,,,,,,
1,223,EH,1/20,10,1,757,CMWA,18.5374617,-68.3759448,AD,M,3,OF,G,N,-,-,-,-,T,6,3,PISHING,Hacienda,,,,,,,,,,
1,223,EH,1/20,10,1,757,CMWA,18.5374617,-68.3759448,AD,M,3,UL,G,N,-,-,-,-,T,6,3,PISHING,Hacienda,,,,,,,,,,
1,223,EH,1/20,10,1,757,CMWA,18.5374617,-68.3759448,AD,M,4,W,D,N,-,-,-,-,T,6,3,PISHING,Hacienda,,,,,,,,,,
1,223,EH,1/20,10,1,757,CMWA,18.5374617,-68.3759448,AD,M,4,W,D,N,-,-,-,-,T,6,3,PISHING,Hacienda,,,,,,,,,,
2,224,EH,1/20,10,1,817,CMWA,18.5374617,-68.3782565,F/J,U,12.5,W,D,N,-,-,-,-,T,13,3,N,Hacienda,,,,x5,,,,,,
2,224,EH,1/20,10,1,817,CMWA,18.5374617,-68.3782565,F/J,U,12.5,W,D,N,-,-,-,-,T,13,3,N,Hacienda,,,,x5,,,,,,
2,224,EH,1/20,10,1,817,CMWA,18.5374617,-68.3782565,F/J,U,12.5,W,D,N,-,-,-,-,T,13,3,N,Hacienda,,,,x5,,,,,,
2,224,EH,1/20,10,1,817,CMWA,18.5374617,-68.3782565,F/J,U,12.5,W,D,N,-,-,-,-,T,13,3,N,Hacienda,,,,x5,,,,,,
2,224,EH,1/20,10,1,817,CMWA,18.5374617,-68.3782565,F/J,U,12.5,W,D,N,-,-,-,-,T,13,3,N,Hacienda,,,,x5,,,,,,
4,226,EH,1/20,10,1,836,CMWA,18.5321358,-68.3785871,U,U,9,UF,G,Y,3,H,2,"1 NOPA, 2 CMWA",T,10,3,N,Hacienda,,,,,,,,,,
7,229,EH,1/20,10,1,925,CMWA,18.5316949,-68.3830711,AD,F,4,UL,G,Y,3,H,2,"1 CMWA, 2 NOPA",T,8,2,N,Hacienda,,,,,,,,,,
7,229,EH,1/20,10,1,925,CMWA,18.5316949,-68.3830711,AD,F,4,UL ,G,Y,3,H,2,"1 CMWA, 2 NOPA",T,8,2,N,Hacienda,,,,,,,,,,
7,229,EH,1/20,10,1,925,CMWA,18.5316949,-68.3830711,AD,F,4,OL ,G,Y,3,H,2,"1 CMWA, 2 NOPA",T,8,2,N,Hacienda,,,,,,,,,,
7,229,EH,1/20,10,1,925,CMWA,18.5316949,-68.3830711,AD,F,4,OL ,G,Y,3,H,2,"1 CMWA, 2 NOPA",T,8,2,N,Hacienda,,,,,,,,,,
7,229,EH,1/20,10,1,925,CMWA,18.5316949,-68.3830711,AD,F,4,OL ,G,Y,3,H,2,"1 CMWA, 2 NOPA",T,8,2,N,Hacienda,,,,,,,,,,
9,238,K,1/20,40,1,808,CMWA,"18º31`3""N","68º22`31""W",AD,M,6,F,G,N,-,-,-,-,T,12,2,N,Tortuga Bay - Main Road,,,,,,,,,,
9,238,K,1/20,40,1,815,CMWA,"18º31`3""N","68º22`31""W",AD,M,6,UL,H,N,-,-,-,-,T,12,2,N,Tortuga Bay - Main Road,,,,,,,,,,
10,239,K,1/20,40,1,820,CMWA,"18º31`3""N","68º22`31""W",F/J,U,7,UL,H,N,-,-,-,-,T,12,2,N,Tortuga Bay - Main Road,,,,,,,,,,
10,239,K,1/20,40,1,835,CMWA,"18º31`3""N","68º22`31""W",F/J,U,7,UL,G,N,-,-,-,-,T,12,2,N,Tortuga Bay - Main Road,,,,,,,,,,
11,240,K,1/20,40,1,842,CMWA,"18º31`3""N","68º22`31""W",AD,M,5,F,G,N,-,-,-,-,T,12,2,N,Tortuga Bay - Main Road,,,,,,,,,,
15,244,K,1/20,40,1,916,CMWA,"18º31`12""N","68º22`23""W",AD,M,3,OL,G,N,-,-,-,-,T,12,1,N,Tortuga Bay - Main Road,,,,,,,,,,
18,247,K,1/20,40,1,1010,CMWA,"18º30`58""N","68º22`48""W",AD,M,5,UL,S,N,-,-,-,-,T,12,2,N,Tortuga Bay - Main Road,,,,,,,,,,
18,247,K,1/20,40,1,1010,CMWA,"18º30`58""N","68º22`48""W",AD,M,5,OL,G,N,-,-,-,-,T,12,2,N,Tortuga Bay - Main Road,,,,,,,,,,
18,247,K,1/20,40,1,1010,CMWA,"18º30`58""N","68º22`48""W",AD,M,6,OF,G,N,-,-,-,-,T,12,2,N,Tortuga Bay - Main Road,,,,,,,,,,
3,250,K,1/20,10,1,1627,CMWA,"18º30`60""N","68º22`48""W",F/J,U,7,UL,G,N,2,C,1,-,T,15,2,N,Gavilan,,,,,,,,,,
3,250,K,1/20,10,1,1627,CMWA,"18º30`60""N","68º22`48""W",F/J,U,7,OL,K,N,2,C,1,-,T,15,2,N,Gavilan,,,,,,,,,,
3,250,K,1/20,10,1,1627,CMWA,"18º30`60""N","68º22`48""W",F/J,U,8,OF,G,N,2,C,1,-,T,15,2,N,Gavilan,,,,,,,,,,
4,256,MG,1/21,10,1,745,CMWA,18.5168452,-68.3799738,AD,M,4,UL,G,N,,,,,T,12,2,N,Man-made Lagoons,,,,,,,,,,
4,256,MG,1/21,10,1,745,CMWA,18.5168452,-68.3799738,AD,M,4,UL,G,N,,,,,T,12,2,N,Man-made Lagoons,,,,,,,,,,
4,256,MG,1/21,10,1,745,CMWA,18.5168452,-68.3799738,AD,M,4,UL,G,N,,,,,T,12,2,N,Man-made Lagoons,,,,,,,,,,
4,256,MG,1/21,10,1,745,CMWA,18.5168452,-68.3799738,AD,M,5,OL,H,N,,,,,T,12,2,N,Man-made Lagoons,,,,,,,,,,
3,270,AE,1/21,10,1,740,CMWA,18.5157182,-68.3803208,AD,M,7,OF,F,Y,,H,4,"PRAW, YRWA, CMWA, BAWW",T,9,3,N,Behind Sewage Ponds,,,,,,,,,,
3,270,AE,1/21,10,1,740,CMWA,18.5157182,-68.3803208,AD,M,7,OL,S,Y,,H,4,"PRAW, YRWA, CMWA, BAWW",T,9,3,N,Behind Sewage Ponds,,,,,,,,,,
16,283,AE,1/21,10,1,912,CMWA,18.5197465,-68.3847374,F/J,U,7,UL,G,Y,,H,3,"CMWA, NOPA, BAWW",T,9,3,N,Behind Sewage Ponds,,,,,,,,,,
16,283,AE,1/21,10,1,912,CMWA,18.5197465,-68.3847374,F/J,U,8,OL,G,Y,,H,3,"CMWA, NOPA, BAWW",T,9,3,N,Behind Sewage Ponds,,,,,,,,,,
17,284,AE,1/21,10,1,912,CMWA,18.5197465,-68.3847374,F/J,U,7,OL,H,Y,,H,3,"CMWA, NOPA, BAWW",T,9,3,N,Behind Sewage Ponds,,,,,,,,,,
3,24,E + M + A + K,1/12,30,1,1620,GABU,18.5198419,-68.3837728,U,U,1.5,UB,H,N,,,,,B,,,N,Behind Sewage Ponds,,,,,,,,,,
6,58,A + E,1/15,100,3,1749,HOWA,18.5134801,-68.3742734,Ad,M,0.7,,S,Y,2,H,2,"OVEN, HOWA",B,10,1,N,Casitas,,,,,,,,,,
6,58,A + E,1/15,100,3,1749,HOWA,18.5134801,-68.3742734,Ad,M,0.7,F,G,Y,2,H,2,"OVEN, HOWA",B,10,1,N,Casitas,,,,,,,,,,
6,58,A + E,1/15,100,3,1749,HOWA,18.5134801,-68.3742734,Ad,M,0.7,,F,Y,2,H,2,"OVEN, HOWA",B,10,1,N,Casitas,,,,,,,,,,
6,58,A + E,1/15,100,3,1749,HOWA,18.5134801,-68.3742734,Ad,M,0.7,UL,G,Y,2,H,2,"OVEN, HOWA",B,10,1,N,Casitas,,,,,,,,,,
6,58,A + E,1/15,100,3,1749,HOWA,18.5134801,-68.3742734,Ad,M,0.7,T,G,N,,,,,B,10,1,N,Casitas,,,,,,,,,,
6,58,A + E,1/15,100,3,1749,HOWA,18.5134801,-68.3742734,Ad,M,0.7,,F,N,,,,,B,10,1,N,Casitas,,,,,,,,,,
6,58,A + E,1/15,100,3,1749,HOWA,18.5134801,-68.3742734,Ad,M,0.5,,G,N,,,,,B,10,1,N,Casitas,,,,,,,,,,
6,58,A + E,1/15,100,3,1749,HOWA,18.5134801,-68.3742734,Ad,M,0.2,,H,N,,,,,B,10,1,N,Casitas,,,,,,,,,,
4,213,AE,1/20,10,1,810,HOWA,18.5137843,-68.3748836,AD,M,2,D,G,N,,,,,D,12,1,N,Reserve,,,,,,,,,,
4,213,AE,1/20,10,1,810,HOWA,18.5137843,-68.3748836,AD,M,2,D,G,N,,,,,D,12,1,N,Reserve,,,,,,,,,,
4,213,AE,1/20,10,1,810,HOWA,18.5137843,-68.3748836,AD,M,1,W,S,N,,,,,A,12,1,N,Reserve,,,,,,,,,,
4,213,AE,1/20,10,1,810,HOWA,18.5137843,-68.3748836,AD,M,3,OL,G,N,,,,,B,12,1,N,Reserve,,,,,,,,,,
4,213,AE,1/20,10,1,810,HOWA,18.5137843,-68.3748836,AD,M,2,OL,F,N,,,,,B,12,1,N,Reserve,,,,,,,,,,
9,218,AE,1/20,10,1,905,HOWA,18.5092904,-68.3742603,AD,M,1,D,G,N,,,,,D,15,1,N,Reserve,,,,,,,,,,
9,218,AE,1/20,10,1,905,HOWA,18.5092904,-68.3742603,AD,M,2,OL,S,N,,,,,S,15,1,N,Reserve,,,,,,,,,,
9,218,AE,1/20,10,1,905,HOWA,18.5092904,-68.3742603,AD,M,1,D,G,N,,,,,D,15,1,N,Reserve,,,,,,,,,,
9,218,AE,1/20,10,1,905,HOWA,18.5092904,-68.3742603,AD,M,0,G,G,N,,,,,LL,15,1,N,Reserve,,,,,,,,,,
20,147,AE,1/19,0,0,935,LOWA,18.5184314,-68.3780489,U,U,0,G,G,Y,,H,2,"PAWA, LOWA",G,9,1,N,Hacienda,,,,,,,,,,
20,147,AE,1/19,0,0,935,LOWA,18.5184314,-68.3780489,U,U,1,OF,S,Y,,H,2,"PAWA, LOWA",G,9,1,N,Hacienda,,,,,,,,,,
11,11,E + M,1/11,30,2,1614,NOPA,18.5192112,-68.3840333,U,U,2.5,OL,G,N,,,,,,,,Y,Behind Sewage Ponds,,,,0.2,4,Dense ES,8,,OVEN,24
11,11,E + M,1/11,30,2,1627,NOPA,18.5192112,-68.3840333,U,F,2.25,,G,Y,2,C,1,,,,,Y,Behind Sewage Ponds,,,,,0.5,Dense ES,4,,LOWA,2
12,12,E + M,1/11,30,2,1627,NOPA,18.5192112,-68.3840333,U,F,2.8,OS,G,Y,2,C,1,,,,,Y,Behind Sewage Ponds,,,,0.3,,Dense ES,,,PAWA,42
12,12,E + M,1/11,30,2,1628,NOPA,18.5192112,-68.3840333,U,F,3,OL,G,Y,2,C,1,,,,,Y,Behind Sewage Ponds,,,,2,4,Dense ES,5,,BTBW,1
16,16,E + M,1/11,30,2,1653,NOPA,18.5237675,-68.3829561,U,F,2,OL,H,N,,,,,,,,Y,Behind Sewage Ponds,,,,,,Shrub edge,,,BCPT,17
16,16,E + M,1/11,30,2,1655,NOPA,18.5237675,-68.3829561,U,F,1.5,UF,G,N,,,,,,,,Y,Behind Sewage Ponds,,,,,,Shrub edge,,,,
16,16,E + M,1/11,30,2,1656,NOPA,18.5237675,-68.3829561,U,F,1.75,UL,G,N,,,,,,,,Y,Behind Sewage Ponds,,,,0.05,0.5,Shrub edge,2.5,,,
17,17,E + M,1/11,30,2,1704,NOPA,18.5256797,-68.3817242,U,U,7,OF,G,N,,,,,,,,N,Behind Sewage Ponds,,,,0.2,3,Mature edge,9,,TOTAL,86
20,20,E + M,1/11,30,2,1726,NOPA,18.5283316,-68.3805736,U,U,,OL,G,Y,3,H,3,"BCPT, CMWA",,,,N,Behind Sewage Ponds,,,,,,Intermediate edge,,,,
2,23,E + M + A + K,1/12,30,1,1555,NOPA,18.5198419,-68.3847233,U,U,4,F,F,N,,,,,T,,,N,Behind Sewage Ponds,,,,1.5,2,,7,,,
4,25,E + M + A + K,1/12,30,1,1620,NOPA,18.5202062,-68.3896133,Ad,M,11,UL,G,N,,,,,T,,,N,Behind Sewage Ponds,,,,0.5,2,,5,,,
4,25,E + M + A + K,1/12,30,1,1640,NOPA,18.5202062,-68.3896133,Ad,U,11,F,H,N,,,,,,,,N,Behind Sewage Ponds,,,,0.5,,,5,,,
6,27,E + M + A + K,1/12,30,1,1650,NOPA,18.5191158,-68.3849737,U,U,3.5,UL,G,Y,2,H,2,CMWA,T,9,3,Y,Behind Sewage Ponds,,,,0.75,,,,,,
8,29,E + M + A + K,1/12,30,1,1655,NOPA,18.5191158,-68.3849737,F/J,U,1.5,UL,G,N,,,,,T,9,1,N,Behind Sewage Ponds,,,,,,,,,,
8,29,E + M + A + K,1/12,30,1,1655,NOPA,18.5191158,-68.3849737,F/J,U,1.5,UL,G,N,,,,,T,9,1,N,Behind Sewage Ponds,,,,,,,,,,
6,27,E + M + A + K,1/12,30,1,1657,NOPA,18.5191158,-68.3849737,U,U,3.5,UL,F,Y,2,H,2,CMWA,T,9,3,N,Behind Sewage Ponds,,,,,,,,,,
6,27,E + M + A + K,1/12,30,1,1658,NOPA,18.5191158,-68.3849737,U,U,3.5,UL,H,Y,2,H,2,CMWA,T,9,3,N,Behind Sewage Ponds,,,,,,,,,,
9,30,E + M + A + K,1/12,30,1,1710,NOPA,18.5185731,-68.3851364,U,U,9,OL,G,N ,,,,,T,9,2,Y,Behind Sewage Ponds,,,,1,,,,,,
10,31,E + M + A + K,1/12,30,1,1715,NOPA,18.5177221,-68.3798937,U,U,9,OL,G,Y,3,H,3,"BAWW, AMRE",T,16,3,Y,Behind Sewage Ponds,,,,0.3,,,,,,
10,31,E + M + A + K,1/12,30,1,1718,NOPA,18.5177221,-68.3798937,U,U,7,OF,H,Y,,,,,T,16,3,Y,Behind Sewage Ponds,,,,,,,,,,
2,36,A + M,1/13,10,3,1555,NOPA,18.514217,-68.3745872,F/J,U,5,OL,G,N,,,,,S,12,2,Y,Casitas,,,,,,,,,,
2,36,A + M,1/13,10,3,1555,NOPA,18.514217,-68.3745872,F/J,U,7,F,S,N,,,,,LT,12,3,Y,Casitas,,,,,,,,,,
2,36,A + M,1/13,10,3,1555,NOPA,18.514217,-68.3745872,F/J,U,8,UL,G,N,,,,,LT,12,3,Y,Casitas,,,,,,,,,,
2,36,A + M,1/13,10,3,1555,NOPA,18.514217,-68.3745872,F/J,U,9,UF,G,N,,,,,LT,12,3,Y,Casitas,,,,,,,,,,
2,36,A + M,1/13,10,3,1555,NOPA,18.514217,-68.3745872,F/J,U,5,UL,G,N,,,,,T,12,2,Y,Casitas,,,,,,,,,,
3,37,A + M,1/13,10,3,1604,NOPA,18.5144643,-68.3753141,U,M,4,OL,G,N,,,,,T,8,2,Y,Casitas,,,,,,,,,,
3,37,A + M,1/13,10,3,1604,NOPA,18.5144643,-68.3753141,U,M,6,OL,H,N,,,,,LT,12,3,Y,Casitas,,,,,,,,,,
6,40,A + M,1/13,10,3,1653,NOPA,18.5143852,-68.3726179,Ad,M,3,OL,H,N,,,,,T,14,1,N,Casitas,,,,,,,,,,
6,40,A + M,1/13,10,3,1653,NOPA,18.5143852,-68.3726179,Ad,M,4,UL,G,N,,,,,T,14,1,N,Casitas,,,,,,,,,,
6,40,A + M,1/13,10,3,1653,NOPA,18.5143852,-68.3726179,Ad,M,4,F,S,N,,,,,T,14,1,N,Casitas,,,,,,,,,,
6,40,A + M,1/13,10,3,1653,NOPA,18.5143852,-68.3726179,Ad,M,4,OL,H,N,,,,,T,14,1,N,Casitas,,,,,,,,,,
7,41,A + M,1/13,10,3,1705,NOPA,18.51419,-68.3720136,U,U,6,OL,G,N,,,,,T,12,2,N,Casitas,,,,,,,,,,
7,41,A + M,1/13,10,3,1705,NOPA,18.51419,-68.3720136,U,U,6,OF,G,N,,,,,T,14,3,N,Casitas,,,,,,,,,,
11,45,A + M,1/13,10,3,1715,NOPA,18.51419,-68.3720136,U,U,4,UL,H,N,,,,,T,6,2,N,Casitas,,,,,,,,,,
11,45,A + M,1/13,10,3,1715,NOPA,18.51419,-68.3720136,U,U,4,OF,G,N,,,,,T,6,2,N,Casitas,,,,,,,,,,
14,48,A + M,1/13,10,3,1720,NOPA,18.51419,-68.3720136,U,U,10,US,G,Y,,H,2,3 YRWA,T,11,1,N,Casitas,,,,,,,,,,
1,53,A + E,1/15,100,3,1607,NOPA,18.5145753,-68.3728937,Ad,M,7,OL,G,Y,2,H,2,"CMWA, NOPA",LT,10,3,N,Casitas,,,,,,,,,,
1,53,A + E,1/15,100,3,1607,NOPA,18.5145753,-68.3728937,Ad,M,8,OL,G,Y,2,H,2,"CMWA, NOPA",LT,10,3,N,Casitas,,,,,,,,,,
1,53,A + E,1/15,100,3,1607,NOPA,18.5145753,-68.3728937,Ad,M,8,OL,F,Y,2,H,2,"CMWA, NOPA",LT,10,3,N,Casitas,,,,,,,,,,
1,53,A + E,1/15,100,3,1607,NOPA,18.5145753,-68.3728937,Ad,M,8,UL,G,Y,2,H,2,"CMWA, NOPA",LT,10,3,N,Casitas,,,,,,,,,,
1,53,A + E,1/15,100,3,1607,NOPA,18.5145753,-68.3728937,Ad,M,8,,S,Y,2,H,2,"CMWA, NOPA",LT,10,3,N,Casitas,,,,,,,,,,
3,55,A + E,1/15,100,3,1621,NOPA,18.5147826,-68.3723831,Imm,M,2,OL,G,N,,,,,B,10,1,N,Casitas,,,,,,,,,,
4,56,A + E,1/15,100,3,1629,NOPA,18.5145676,-68.3720167,Ad,M,6,OL,G,N,,,,,LT,10,2,N,Casitas,,,,,,,,,,
4,56,A + E,1/15,100,3,1629,NOPA,18.5145676,-68.3720167,Ad,M,6,UL,G,N,,,,,LT,10,2,N,Casitas,,,,,,,,,,
5,57,A + E,1/15,100,3,1731,NOPA,18.5124045,-68.3723033,Ad,M,1.2,,S,N,,,,,S,16,1,N,Casitas,,,,,,,,,,
5,57,A + E,1/15,100,3,1731,NOPA,18.5124045,-68.3723033,Ad,M,1,UL,G,N,,,,,S,16,1,N,Casitas,,,,,,,,,,
7,59,A + E,1/15,100,3,1749,NOPA,18.5141661,-68.3754358,U,U,5,,S,N,,,,,D,8,2,N,Casitas,,,,,,,,,,
1,60,MG,1/16,0,2,1606,NOPA,18.5200886,-68.3866736,U,U,2,UL,H,N,,,,,S,12,1,Y,Man-made Lagoons,,,,,,,,,,
2,61,MG,1/16,0,2,1615,NOPA,18.5205569,-68.3877944,U,U,9,SW,G,N,,,,,T,11,3,Y,Man-made Lagoons,,,,,,,,,,
2,61,MG,1/16,0,2,1615,NOPA,18.5205569,-68.3877944,U,U,9,SW,H,N,,,,,T,11,3,Y,Man-made Lagoons,,,,,,,,,,
2,61,EH,1/16,0,2,1615,NOPA,18.5205569,-68.3877944,U,U,9,SW,G,N,,,,,T,11,3,Y,Man-made Lagoons,,,,,,,,,,
4,63,MG,1/16,0,2,1659,NOPA,18.5261389,-68.3827391,U,U,4,SW,G,Y,3,H,2,"2 NOPA, 1 AMRE",T,9,2,Y,Man-made Lagoons,,,,,,,,,,
4,63,MG,1/16,0,2,1659,NOPA,18.5261389,-68.3827391,U,U,3,SW,H,Y,3,H,2,"3 NOPA, 1 AMRE",T,9,2,Y,Man-made Lagoons,,,,,,,,,,
4,63,MG,1/16,0,2,1659,NOPA,18.5261389,-68.3827391,U,U,3,UL,G,Y,3,H,2,"4 NOPA, 1 AMRE",T,9,2,Y,Man-made Lagoons,,,,,,,,,,
6,65,EH,1/16,0,2,1659,NOPA,18.5261389,-68.3827391,U,U,4,OF,G,Y,2,H,2,"1 CMWA, 1 NOPA",T,9,2,Y,Man-made Lagoons,,,,,,,,,,
11,70,EH,1/16,0,2,1753,NOPA,18.5277184,-68.3801203,U,U,4,F,G,Y,2,H,2,"NOPA, BAWW",D,12,2,N,Man-made Lagoons,,,,,,,,,,
11,70,EH,1/16,0,2,1753,NOPA,18.5277184,-68.3801203,U,U,4,F,G,Y,2,H,2,"NOPA, BAWW",D,12,2,N,Man-made Lagoons,,,,,,,,,,
11,70,EH,1/16,0,2,1753,NOPA,18.5277184,-68.3801203,U,U,4,F,H,Y,2,H,2,"NOPA, BAWW",D,12,2,N,Man-made Lagoons,,,,,,,,,,
12,71,MG,1/16,0,2,1810,NOPA,18.5262303,-68.3785924,U,U,3,SW,G,Y,4,H,3,"2 NOPA, BAWW, AMRE",B,14,1,N,Man-made Lagoons,,,,,,,,,,
12,71,MG,1/16,0,2,1810,NOPA,18.5262303,-68.3785924,U,U,3,UL,G,Y,4,H,3,,T,14,1,N,Man-made Lagoons,,,,,,,,,,
12,71,MG,1/16,0,2,1810,NOPA,18.5262303,-68.3785924,U,U,3,OL,H,Y,4,H,3,,T,14,1,N,Man-made Lagoons,,,,,,,,,,
12,71,MG,1/16,0,2,1810,NOPA,18.5262303,-68.3785924,U,U,4,UL,G,Y,4,H,3,,T,14,1,N,Man-made Lagoons,,,,,,,,,,
1,72,KNV,1/14,0,3,920,NOPA,18.5158308,-68.379616,U,U,2,UL,G,N,1,,,,T,10,2,N,,,,,-,-,,8,,,
1,72,KNV,1/14,0,3,920,NOPA,18.5158308,-68.379616,U,U,2,OL,G,N,1,,,,T,10,2,N,,,,,-,-,,8,,,
1,72,KNV,1/13,30,3,807,NOPA,18.5202062,-68.3896133,U,U,4,F,OF,N,1,,,,T,14,2,N,,,,,-,-,,7,,,
16,87,MG,1/17,0,2,1630,NOPA,18.5299045,-68.3744317,U,U,0.5,OL,G,Y,,C,1,15 YRWA,B,3,1,N,Hacienda,,,,,,,,,,
8,104,EH,1/18,60,2,1753,NOPA,18.5134832,-68.3794334,U,U,7,OL,H,N,,,,,T,13,2,N,FUNDACION,,,,,,,,,,
8,112,AE,1/18,60,3,1723,NOPA,18.5164971,-68.3795802,Ad,M,5,OL,G,N,,,,,T,7,3,N,Casitas - Polo,,,,,,,,,,
8,112,KNV,1/18,60,3,1723,NOPA,18.5164971,-68.3795802,Ad,M,5,OL,G,N,,,,,T,7,3,N,Casitas - Polo,,,,,,,,,,
8,112,KNV,1/18,60,3,1723,NOPA,18.5164971,-68.3795802,Ad,M,5,UL,G,N,,,,,T,7,3,N,Casitas - Polo,,,,,,,,,,
17,144,AE,1/19,0,0,925,NOPA,18.5281014,-68.3797169,U,U,7,OL,G,N,,,,,T,10,3,N,Hacienda,,,,,,,,,,
11,177,K,1/19,40,1,1745,NOPA,18.517695,-68.3755179,U,U,6,UL,G,Y,-,H,3,"YRWA(3), CMWA (1), PRAW(2)",T,16,3,N,Reserve to Casitas,,,,,,,,,,
11,177,E,1/19,40,1,1745,NOPA,18.517695,-68.3755179,F/J,U,9,L,H,Y,-,H,3,"YRWA(3), NOPA (1), PRAW(1)",T,16,2,N,Reserve to Casitas,,,,,,,,,,
11,177,E,1/19,40,1,1745,NOPA,18.517695,-68.3755179,F/J,U,9,L,H,Y,-,H,3,"YRWA(3), NOPA (1), PRAW(1)",T,16,2,N,Reserve to Casitas,,,,,,,,,,
11,177,E,1/19,40,1,1745,NOPA,18.517695,-68.3755179,F/J,U,9,L,H,Y,-,H,3,"YRWA(3), NOPA (1), PRAW(1)",T,16,2,N,Reserve to Casitas,,,,,,,,,,
9,187,MG,1/19,30,1,1755,NOPA,18.5390237,-68.373864,U,U,1,UL,G,Y,3,H,2,"2 CMWA, NOPA",S,13,1,N,Hacienda,,,,,,,,,,
9,187,MG,1/19,30,1,1755,NOPA,18.5390237,-68.373864,U,U,1,OL,G,Y,3,H,2,"2 CMWA, NOPA",S,13,1,N,Hacienda,,,,,,,,,,
6,194,MG,1/20,20,1,810,NOPA,18.5293161,-68.37581,U,U,7,OL,G,Y,15,H,8,"1 CMWA, AMRE, 2 NOPA, 3 YFGR, GABU, OVEN, 4 PRAW, 2 BCPT",T,10,3,N,Hacienda,,,,,,,,,,
9,197,MG,1/20,20,1,815,NOPA,18.5293161,-68.37581,U,U,4,L,G,Y,15,H,8,"1 CMWA, AMRE, 2 NOPA, 3 YFGR, GABU, OVEN, 4 PRAW, 2 BCPT",T,5,3,N,Hacienda,,,,,,,,,,
9,197,MG,1/20,20,1,815,NOPA,18.5293161,-68.37581,U,U,4,OL,G,Y,15,H,8,"1 CMWA, AMRE, 2 NOPA, 3 YFGR, GABU, OVEN, 4 PRAW, 2 BCPT",T,5,3,N,Hacienda,,,,,,,,,,
9,197,MG,1/20,20,1,815,NOPA,18.5293161,-68.37581,U,U,4,UF,G,Y,15,H,8,"1 CMWA, AMRE, 2 NOPA, 3 YFGR, GABU, OVEN, 4 PRAW, 2 BCPT",T,5,3,N,Hacienda,,,,,,,,,,
1,210,AE,1/20,10,1,745,NOPA,18.5149946,-68.3770277,F/J,U,8,OL,G,N,,,,,T,12,2,N,Reserve,,,,,,,,,,
1,210,AE,1/20,10,1,745,NOPA,18.5149946,-68.3770277,F/J,U,7,OL,H,N,,,,,T,12,2,N,Reserve,,,,,,,,,,
3,225,EH,1/20,10,1,826,NOPA,18.5374617,-68.3782565,AD,U,4,,H,N,-,-,-,-,S,16,1,N,Hacienda,,,,,,,,,,
3,225,EH,1/20,10,1,826,NOPA,18.5374617,-68.3782565,AD,U,4,UL,G,N,-,-,-,-,S,16,1,N,Hacienda,,,,,,,,,,
6,228,EH,1/20,10,1,923,NOPA,18.5316949,-68.3830711,F/J,U,3,,H,Y,3,H,2,"1 CMWA, 2 NOPA",T,8,2,N,Hacienda,,,,,,,,,,
6,228,EH,1/20,10,1,923,NOPA,18.5316949,-68.3830711,F/J,U,3,SW,G,Y,3,H,2,"1 CMWA, 2 NOPA",T,8,2,N,Hacienda,,,,,,,,,,
6,228,EH,1/20,10,1,923,NOPA,18.5316949,-68.3830711,F/J,U,3,UL,G,Y,3,H,2,"1 CMWA, 2 NOPA",T,8,2,N,Hacienda,,,,,,,,,,
13,265,MG,1/21,10,1,830,NOPA,18.5253697,-68.3817028,U,U,8,F,G,N,,,,,S,10,3,N,Man-made Lagoons,,,,,,,,,,
13,265,MG,1/21,10,1,830,NOPA,18.5253697,-68.3817028,U,U,8,UL,G,N,,,,,S,10,3,N,Man-made Lagoons,,,,,,,,,,
13,265,MG,1/21,10,1,830,NOPA,18.5253697,-68.3817028,U,U,8,UF,G,N,,,,,S,10,3,N,Man-made Lagoons,,,,,,,,,,
13,265,MG,1/21,10,1,830,NOPA,18.5253697,-68.3817028,U,U,8,OF,G,N,,,,,S,10,3,N,Man-made Lagoons,,,,,,,,,,
5,272,AE,1/21,10,1,810,NOPA,18.5199335,-68.3846867,U,U,4,OL,G,Y,,H,4,"PRAW, YRWA, CMWA, BAWW",T,8,2,N,Behind Sewage Ponds,,,,,,,,,,
13,280,AE,1/21,10,1,908,NOPA,18.5204536,-68.3842143,F/J,U,6,OL,G,N,,,,,T,9,2,N,Behind Sewage Ponds,,,,,,,,,,
15,282,AE,1/21,10,1,912,NOPA,18.5197465,-68.3847374,F/J,U,7,OL,G,Y,,H,3,"CMWA, NOPA, BAWW",T,9,3,N,Behind Sewage Ponds,,,,,,,,,,
15,282,AE,1/21,10,1,912,NOPA,18.5197465,-68.3847374,F/J,U,7,UL,G,Y,,H,3,"CMWA, NOPA, BAWW",T,9,3,N,Behind Sewage Ponds,,,,,,,,,,
5,165,AE,1/19,30,1,1730,NOWA,18.5126547,-68.3795292,U,U,1,OL,G,,,,,,D,12,1,N,Marina ,,,,,,,,,,
5,165,AE,1/19,30,1,1730,NOWA,18.5126547,-68.3795292,U,U,0,G,S,,,,,,L,12,1,N,Marina ,,,,,,,,,,
5,165,AE,1/19,30,1,1730,NOWA,18.5126547,-68.3795292,U,U,1,OF,S,,,,,,L,12,1,N,Marina ,,,,,,,,,,
14,243,K,1/20,40,1,916,NOWA,"18º31`10""N","68º22`27""W",U,U,0,G,G,N,-,-,-,-,G,14,1,N,Tortuga Bay - Main Road,,,,,,,,,,
5,117,KNV,1/19,0,0,1002,OVEN,18.5138177,-68.3806477,U,U,0,G,G,N,,,,,G,17,1,N,Gavilan,,,,,,,,,,
1,126,MG,1/19,0,0,700,OVEN,18.513409,-68.379982,U,U,0,G,G,N,,,,,G,12,1,N,Reserve,,,,,,,,,,
1,126,MG,1/19,0,0,700,OVEN,18.513409,-68.379982,U,U,0,G,G,N,,,,,G,12,1,N,Reserve,,,,,,,,,,
1,126,MG,1/19,0,0,700,OVEN,18.513409,-68.379982,U,U,0,G,G,N,,,,,G,12,1,N,Reserve,,,,,,,,,,
1,126,MG,1/19,0,0,700,OVEN,18.513409,-68.379982,U,U,0,G,G,N,,,,,G,12,1,N,Reserve,,,,,,,,,,
1,126,MG,1/19,0,0,700,OVEN,18.513409,-68.379982,U,U,0,G,G,N,,,,,G,12,1,N,Reserve,,,,,,,,,,
2,127,MG,1/19,0,0,700,OVEN,18.513409,-68.379982,U,U,0,G,G,N,,,,,G,12,1,N,Reserve,,,,,,,,,,
2,127,MG,1/19,0,0,700,OVEN,18.513409,-68.379982,U,U,0,G,G,N,,,,,G,12,1,N,Reserve,,,,,,,,,,
14,141,AE,1/19,0,0,905,OVEN,18.5281014,-68.3797169,U,U,0,G,G,N,,,,,T,10,1,N,Hacienda,,,,,,,,,,
14,141,AE,1/19,0,0,905,OVEN,18.5281014,-68.3797169,U,U,0,G,S,N,,,,,T,10,1,N,Hacienda,,,,,,,,,,
3,212,AE,1/20,10,1,745,OVEN,18.5149946,-68.3770277,U,U,0,G,S,N,,,,,LL,12,1,N,Reserve,,,,,,,,,,
3,212,AE,1/20,10,1,745,OVEN,18.5149946,-68.3770277,U,U,1,D,G,N,,,,,D,12,1,N,Reserve,,,,,,,,,,
10,219,AE,1/20,10,1,920,OVEN,18.50923,-68.3743297,U,U,1,D,G,N,,,,,D,15,1,N,Reserve,,,,,,,,,,
10,219,AE,1/20,10,1,920,OVEN,18.50923,-68.3743297,U,U,1,D,G,N,,,,,D,15,1,N,Reserve,,,,,,,,,,
10,219,AE,1/20,10,1,920,OVEN,18.50923,-68.3743297,U,U,1,D,G,N,,,,,D,15,1,N,Reserve,,,,,,,,,,
10,219,AE,1/20,10,1,920,OVEN,18.50923,-68.3743297,U,U,0,G,S,N,,,,,LL,15,1,N,Reserve,,,,,,,,,,
10,219,AE,1/20,10,1,920,OVEN,18.50923,-68.3743297,U,U,0,G,G,N,,,,,LL,15,1,N,Reserve,,,,,,,,,,
10,277,AE,1/21,10,1,840,OVEN,18.5202717,-68.3845543,U,U,1,D,G,N,,,,,D,8,1,N,Behind Sewage Ponds,,,,,,,,,,
10,277,AE,1/21,10,1,840,OVEN,18.5202717,-68.3845543,U,U,2,D,G,N,,,,,D,8,1,N,Behind Sewage Ponds,,,,,,,,,,
10,277,AE,1/21,10,1,840,OVEN,18.5202717,-68.3845543,U,U,0,LL,G,N,,,,,LL,8,1,N,Behind Sewage Ponds,,,,,,,,,,
11,278,AE,1/21,10,1,905,OVEN,18.5204536,-68.3842143,U,U,1,D,G,N,,,,,D,8,1,N,Behind Sewage Ponds,,,,,,,,,,
11,278,AE,1/21,10,1,905,OVEN,18.5204536,-68.3842143,U,U,1,D,G,N,,,,,D,8,1,N,Behind Sewage Ponds,,,,,,,,,,
11,278,AE,1/21,10,1,905,OVEN,18.5204536,-68.3842143,U,U,1,D,G,N,,,,,D,8,1,N,Behind Sewage Ponds,,,,,,,,,,
11,278,AE,1/21,10,1,905,OVEN,18.5204536,-68.3842143,U,U,1,D,S,N,,,,,D,8,1,N,Behind Sewage Ponds,,,,,,,,,,
2,98,MG,1/18,60,2,1650,PAWA,18.5062805,-68.3762187,,,0,G,G,N,,,,,G,,,N,FUNDACION,,,,,,,,,,
2,98,MG,1/18,60,2,1650,PAWA,18.5062805,-68.3762187,,,6,OL,G,N,,,,,T,7,3,N,FUNDACION,,,,,,,,,,
2,98,MG,1/18,60,2,1650,PAWA,18.5062805,-68.3762187,,,6,OL,H,N,,,,,T,7,3,N,FUNDACION,,,,,,,,,,
2,98,MG,1/18,60,2,1650,PAWA,18.5062805,-68.3762187,,,6,OL,G,N,,,,,T,7,3,N,FUNDACION,,,,,,,,,,
2,98,MG,1/18,60,2,1650,PAWA,18.5062805,-68.3762187,,,6,OL,G,N,,,,,T,7,3,N,FUNDACION,,,,,,,,,,
7,111,AE,1/18,60,3,1723,PAWA,18.5174226,-68.3752018,U,U,2,T,G,Y,3,H,3,"PRAW, PAWA, YRWA",T,11,1,N,Casitas - Polo,,,,,,,,,,
7,111,AE,1/18,60,3,1723,PAWA,18.5174226,-68.3752018,U,U,0,G,S,Y,3,H,3,"PRAW, PAWA, YRWA",T,11,1,N,Casitas - Polo,,,,,,,,,,
19,146,AE,1/19,0,0,935,PAWA,18.5184314,-68.3780489,U,U,2,OF,G,Y,,H,2,"PAWA, LOWA",G,9,1,N,Hacienda,,,,,,,,,,
19,146,AE,1/19,0,0,935,PAWA,18.5184314,-68.3780489,U,U,3,OL,F,Y,,H,2,"PAWA, LOWA",G,9,1,N,Hacienda,,,,,,,,,,
19,146,AE,1/19,0,0,935,PAWA,18.5184314,-68.3780489,U,U,2,OF,G,Y,,H,2,"PAWA, LOWA",G,9,1,N,Hacienda,,,,,,,,,,
19,146,AE,1/19,0,0,935,PAWA,18.5184314,-68.3780489,U,U,0,G,G,Y,,H,2,"PAWA, LOWA",G,9,1,N,Hacienda,,,,,,,,,,
3,156,EH,1/19,0,0,828,PAWA,18.514003,-68.379841,U,U,0.5,,F,Y,8,H,3,"4 YRWA, 3 YFGR, PAWA",,10,1,N,Marina ,,,,,,,,,,
3,156,EH,1/19,0,0,828,PAWA,18.514003,-68.379841,U,U,0,G,G,Y,8,H,3,"4 YRWA, 3 YFGR, PAWA",L,10,1,N,Marina ,,,,,,,,,,
3,156,EH,1/19,0,0,828,PAWA,18.514003,-68.379841,U,U,0.2,F,G,Y,8,H,3,"4 YRWA, 3 YFGR, PAWA",D,10,1,N,Marina ,,,,,,,,,,
3,156,EH,1/19,0,0,828,PAWA,18.514003,-68.379841,U,U,0,G,G,Y,8,H,3,"4 YRWA, 3 YFGR, PAWA",L,10,1,N,Marina ,,,,,,,,,,
3,156,EH,1/19,0,0,828,PAWA,18.514003,-68.379841,U,U,0,,F,Y,8,H,3,"4 YRWA, 3 YFGR, PAWA",,10,1,N,Marina ,,,,,,,,,,
3,156,EH,1/19,0,0,828,PAWA,18.514003,-68.379841,U,U,0,G,G,Y,8,H,3,"4 YRWA, 3 YFGR, PAWA",L,10,1,N,Marina ,,,,,,,,,,
5,158,EH,1/19,0,0,924,PAWA,18.5081442,-68.3832977,U,U,0,G,G,N,,,,,G,5,1,N,Marina ,,,,,,,,,,
5,158,EH,1/19,0,0,924,PAWA,18.5081442,-68.3832977,U,U,0,G,F,N,,,,,G,5,1,N,Marina ,,,,,,,,,,
5,158,EH,1/19,0,0,924,PAWA,18.5081442,-68.3832977,U,U,0,OL,G,N,,,,,G,5,1,N,Marina ,,,,,,,,,,
5,158,EH,1/19,0,0,924,PAWA,18.5081442,-68.3832977,U,U,0.1,G,H,N,,,,,GC,5,1,N,Marina ,,,,,,,,,,
5,158,EH,1/19,0,0,924,PAWA,18.5081442,-68.3832977,U,U,0,UL,G,N,,,,,G,5,1,N,Marina ,,,,,,,,,,
7,160,EH,1/19,0,0,956,PAWA,18.5075468,-68.3779319,U,U,0,G,G,Y,2,H,2,"YRWA, PAWA",L,,1,N,Marina ,,,,,,,,,,
7,160,EH,1/19,0,0,956,PAWA,18.5075468,-68.3779319,U,U,0,G,G,Y,2,H,2,"YRWA, PAWA",L,1,1,N,Marina ,,,,,,,,,,
7,160,EH,1/19,0,0,956,PAWA,18.5075468,-68.3779319,U,U,0,G,G,Y,2,H,2,"YRWA, PAWA",L,1,1,N,Marina ,,,,,,,,,,
7,160,EH,1/19,0,0,956,PAWA,18.5075468,-68.3779319,U,U,0,G,G,Y,2,H,2,"YRWA, PAWA",L,1,1,N,Marina ,,,,,,,,,,
7,160,EH,1/19,0,0,956,PAWA,18.5075468,-68.3779319,U,U,0,G,G,Y,2,H,2,"YRWA, PAWA",L,1,1,N,Marina ,,,,,,,,,,
7,160,EH,1/19,0,0,956,PAWA,18.5075468,-68.3779319,U,U,0.5,,H,Y,2,H,2,"YRWA, PAWA",B,,,N,Marina ,,,,,,,,,,
1,161,AE,1/19,30,1,1632,PAWA,18.5065819,-68.375763,U,U,0,G,G,,,,,,L,12,1,N,Marina ,,,,,,,,,,
1,161,AE,1/19,30,1,1632,PAWA,18.5065819,-68.375763,U,U,0,G,F,,,,,,L,12,1,N,Marina ,,,,,,,,,,
1,161,AE,1/19,30,1,1632,PAWA,18.5065819,-68.375763,U,U,1,OL,H,,,,,,B,12,1,N,Marina ,,,,,,,,,,
1,161,AE,1/19,30,1,1632,PAWA,18.5065819,-68.375763,U,U,0,G,G,,,,,,L,12,1,N,Marina ,,,,,,,,,,
3,163,AE,1/19,30,1,1649,PAWA,18.5075004,-68.3764447,U,U,0,G,S,,,,,,L,12,1,N,Marina ,,,,,,,,,,
3,163,AE,1/19,30,1,1649,PAWA,18.5075004,-68.3764447,U,U,0,G,S,,,,,,L,12,1,N,Marina ,,,,,,,,,,
3,163,AE,1/19,30,1,1649,PAWA,18.5075004,-68.3764447,U,U,0,G,S,,,,,,L,12,1,N,Marina ,,,,,,,,,,
7,173,E,1/19,40,1,1732,PAWA,18.5173644,-68.3753064,U,U,2,F,G,Y,-,H,2,"YRWA(3), PAWA(2)",D,9,1,N,Reserve to Casitas,,,,,,,,,,
7,173,E,1/19,40,1,1732,PAWA,18.5173644,-68.3753064,U,U,2,F,G,Y,-,H,2,"YRWA(3), PAWA(2)",D,9,1,N,Reserve to Casitas,,,,,,,,,,
8,174,K,1/19,40,1,1730,PAWA,18.5173644,-68.3753064,U,U,0,G,G,Y,-,H,2,"YRWA(2), PAWA(1)",G,9,1,N,Reserve to Casitas,,,,,,,,,,
8,174,K,1/19,40,1,1730,PAWA,18.5173644,-68.3753064,U,U,0,G,G,Y,-,H,2,"YRWA(2), PAWA(1)",G,9,1,N,Reserve to Casitas,,,,,,,,,,
8,174,K,1/19,40,1,1730,PAWA,18.5173644,-68.3753064,U,U,0.3,UL,G,N,-,-,-,-,GC,9,1,N,Reserve to Casitas,,,,,,,,,,
8,174,K,1/19,40,1,1730,PAWA,18.5173644,-68.3753064,U,U,0,G,G,Y,-,H,2,"YRWA(2), PAWA(1)",G,9,1,N,Reserve to Casitas,,,,,,,,,,
8,174,K,1/19,40,1,1730,PAWA,18.5173644,-68.3753064,U,U,0.3,UL,G,N,-,-,-,-,GC,9,1,N,Reserve to Casitas,,,,,,,,,,
1,35,A + M,1/13,10,3,1546,PRAW,18.5139445,-68.373565,Ad,M,8,UF,G,N,,,,,T,14,2,Y,Casitas,,,,,,,,,,
1,35,A + M,1/13,10,3,1546,PRAW,18.5139445,-68.373565,Ad,M,8,UL,G,N,,,,,T,14,2,Y,Casitas,,,,,,,,,,
12,46,A + M,1/13,10,3,1715,PRAW,18.51419,-68.3720136,Ad,M,11,OF,G,N,,,,,T,11,3,N,Casitas,,,,,,,,,,
19,90,MG,1/17,0,2,1703,PRAW,18.5316695,-68.3748015,U,U,0.5,G,G,N,,,,,B,10,1,N,Hacienda,,,,,,,,,,
19,90,MG,1/17,0,2,1703,PRAW,18.5316695,-68.3748015,U,U,0.5,UL,G,N,,,,,B,10,1,N,Hacienda,,,,,,,,,,
19,90,MG,1/17,0,2,1703,PRAW,18.5316695,-68.3748015,U,U,0.5,OF,G,N,,,,,B,10,1,N,Hacienda,,,,,,,,,,
19,90,AE,1/17,0,2,1703,PRAW,18.5316695,-68.3748015,U,U,0.5,UL,G,N,,,,,B,10,1,N,Hacienda,,,,,,,,,,
21,92,MG,1/17,0,2,1715,PRAW,18.5371238,-68.3748266,U,M,6,OL,H,N,,,,,T,11,2,N,Hacienda,,,,,,,,,,
21,92,MG,1/17,0,2,1715,PRAW,18.5371238,-68.3748266,U,M,6,F,F,N,,,,,T,11,2,N,Hacienda,,,,,,,,,,
21,92,AE,1/17,0,2,1715,PRAW,18.5371238,-68.3748266,U,M,6,OL,H,N,,,,,T,11,2,N,Hacienda,,,,,,,,,,
21,92,AE,1/17,0,2,1715,PRAW,18.5371238,-68.3748266,U,M,6,OL,H,N,,,,,T,11,2,N,Hacienda,,,,,,,,,,
21,92,AE,1/17,0,2,1715,PRAW,18.5371238,-68.3748266,U,M,6,OF,G,N,,,,,T,11,2,N,Hacienda,,,,,,,,,,
21,92,AE,1/17,0,2,1715,PRAW,18.5371238,-68.3748266,U,M,5,OL,H,N,,,,,T,11,2,N,Hacienda,,,,,,,,,,
21,92,AE,1/17,0,2,1715,PRAW,18.5371238,-68.3748266,U,M,5,F,F,N,,,,,T,11,2,N,Hacienda,,,,,,,,,,
22,93,AE,1/17,0,2,1730,PRAW,18.5395695,-68.373633,Ad,M,0.3,UL,G,N,,,,,B,10,1,N,Hacienda,,,,,,,,,,
22,93,AE,1/17,0,2,1730,PRAW,18.5395695,-68.373633,Ad,M,0.3,F,F,N,,,,,B,10,1,N,Hacienda,,,,,,,,,,
22,93,AE,1/17,0,2,1730,PRAW,18.5395695,-68.373633,Ad,M,0.3,F,F,N,,,,,B,10,1,N,Hacienda,,,,,,,,,,
22,93,AE,1/17,0,2,1730,PRAW,18.5395695,-68.373633,Ad,M,0.1,F,F,N,,,,,B,10,1,N,Hacienda,,,,,,,,,,
22,93,MG,1/17,0,2,1730,PRAW,18.5395695,-68.373633,Ad,M,0.1,F,S,N,,,,,B,10,1,N,Hacienda,,,,,,,,,,
4,108,AE,1/18,60,3,1723,PRAW,18.5174226,-68.3752018,U,U,5,OF,G,Y,3,H,3,"PRAW, PAWA, YRWA",T,11,2,N,Casitas - Polo,,,,,,,,,,
4,108,AE,1/18,60,3,1723,PRAW,18.5174226,-68.3752018,U,U,5,OL,G,Y,3,H,3,"PRAW, PAWA, YRWA",T,11,2,N,Casitas - Polo,,,,,,,,,,
4,108,AE,1/18,60,3,1723,PRAW,18.5174226,-68.3752018,U,U,5,OF,G,Y,3,H,3,"PRAW, PAWA, YRWA",T,11,2,N,Casitas - Polo,,,,,,,,,,
4,108,AE,1/18,60,3,1723,PRAW,18.5174226,-68.3752018,U,U,5,OF,H,Y,3,H,3,"PRAW, PAWA, YRWA",T,11,2,N,Casitas - Polo,,,,,,,,,,
10,137,AE,1/19,0,0,835,PRAW,18.5223175,-68.3794886,AD,M,4,OL,G,N,,,,,B,8,1,N,Hacienda,,,,,,,,,,
10,137,AE,1/19,0,0,835,PRAW,18.5223175,-68.3794886,AD,M,3,OL,G,N,,,,,B,8,1,N,Hacienda,,,,,,,,,,
16,143,AE,1/19,0,0,915,PRAW,18.5281014,-68.3797169,U,U,2,OL,G,N,,,,,T,10,1,N,Hacienda,,,,,,,,,,
16,143,AE,1/19,0,0,915,PRAW,18.5281014,-68.3797169,U,U,3,OF,F,N,,,,,T,10,1,N,Hacienda,,,,,,,,,,
16,143,AE,1/19,0,0,915,PRAW,18.5281014,-68.3797169,U,U,3,OL,S,N,,,,,T,10,1,N,Hacienda,,,,,,,,,,
26,153,AE,1/19,0,0,1033,PRAW,18.5234476,-68.379446,AD,M,6,OL,G,N,,,,,T,11,2,N,Hacienda,,,,,,,,,,
4,157,EH,1/19,0,0,828,PRAW,18.5069446,-68.3817812,F/J,U,4,OL,G,N,,,,,T,8,2,PISHING,Marina ,,,,,,,,,,
4,157,EH,1/19,0,0,828,PRAW,18.5069446,-68.3817812,F/J,U,4,F,G,N,,,,,T,8,2,PISHING,Marina ,,,,,,,,,,
4,157,EH,1/19,0,0,828,PRAW,18.5069446,-68.3817812,F/J,U,4,OL,G,N,,,,,T,8,2,PISHING,Marina ,,,,,,,,,,
6,166,AE,1/19,30,1,1802,PRAW,18.5049974,-68.3762747,U,U,5,OL,G,,,,,,T,12,2,N,Marina ,,,,,,,,,,
12,178,E,1/19,40,1,1600,PRAW,18.517695,-68.3755179,F/J,U,9,L,H,Y,-,H,3,"YRWA(3), NOPA (1), PRAW(1)",T,16,2,N,Reserve to Casitas,,,,,,,,,,
12,178,E,1/19,40,1,1600,PRAW,18.517695,-68.3755179,F/J,U,9,L,H,Y,-,H,3,"YRWA(3), NOPA (1), PRAW(1)",T,16,2,N,Reserve to Casitas,,,,,,,,,,
12,178,E,1/19,40,1,1600,PRAW,18.517695,-68.3755179,F/J,U,9,L,H,Y,-,H,3,"YRWA(3), NOPA (1), PRAW(1)",T,16,2,N,Reserve to Casitas,,,,,,,,,,
4,192,MG,1/20,20,1,810,PRAW,18.5293161,-68.37581,Ad,M,2,OL,G,Y,15,H,8,"1 CMWA, AMRE, 2 NOPA, 3 YFGR, GABU, OVEN, 4 PRAW, 2 BCPT",B,6,2,N,Hacienda,,,,,,,,,,
4,192,MG,1/20,20,1,810,PRAW,18.5293161,-68.37581,Ad,M,2,OL,G,Y,15,H,8,"1 CMWA, AMRE, 2 NOPA, 3 YFGR, GABU, OVEN, 4 PRAW, 2 BCPT",B,6,2,N,Hacienda,,,,,,,,,,
4,192,MG,1/20,20,1,810,PRAW,18.5293161,-68.37581,Ad,M,2,UL,G,Y,15,H,8,"1 CMWA, AMRE, 2 NOPA, 3 YFGR, GABU, OVEN, 4 PRAW, 2 BCPT",B,6,2,N,Hacienda,,,,,,,,,,
4,192,MG,1/20,20,1,810,PRAW,18.5293161,-68.37581,Ad,M,2,UF,G,Y,15,H,8,"1 CMWA, AMRE, 2 NOPA, 3 YFGR, GABU, OVEN, 4 PRAW, 2 BCPT",B,6,2,N,Hacienda,,,,,,,,,,
4,192,MG,1/20,20,1,810,PRAW,18.5293161,-68.37581,Ad,M,2,OL,G,Y,15,H,8,"1 CMWA, AMRE, 2 NOPA, 3 YFGR, GABU, OVEN, 4 PRAW, 2 BCPT",B,6,2,N,Hacienda,,,,,,,,,,
7,195,MG,1/20,20,1,810,PRAW,18.5293161,-68.37581,U,U,4,UL,G,Y,15,H,8,"1 CMWA, AMRE, 2 NOPA, 3 YFGR, GABU, OVEN, 4 PRAW, 2 BCPT",T,5,3,N,Hacienda,,,,,,,,,,
7,195,MG,1/20,20,1,810,PRAW,18.5293161,-68.37581,U,U,4,OF,G,Y,15,H,8,"1 CMWA, AMRE, 2 NOPA, 3 YFGR, GABU, OVEN, 4 PRAW, 2 BCPT",T,5,3,N,Hacienda,,,,,,,,,,
7,195,MG,1/20,20,1,810,PRAW,18.5293161,-68.37581,U,U,4,OL,G,Y,15,H,8,"1 CMWA, AMRE, 2 NOPA, 3 YFGR, GABU, OVEN, 4 PRAW, 2 BCPT",T,5,3,N,Hacienda,,,,,,,,,,
7,195,MG,1/20,20,1,810,PRAW,18.5293161,-68.37581,U,U,4,OF,G,Y,15,H,8,"1 CMWA, AMRE, 2 NOPA, 3 YFGR, GABU, OVEN, 4 PRAW, 2 BCPT",T,5,3,N,Hacienda,,,,,,,,,,
8,196,MG,1/20,20,1,810,PRAW,18.5293161,-68.37581,U,U,4,F,F,Y,15,H,8,"1 CMWA, AMRE, 2 NOPA, 3 YFGR, GABU, OVEN, 4 PRAW, 2 BCPT",T,5,3,N,Hacienda,,,,,,,,,,
7,195,MG,1/20,20,1,815,PRAW,18.5293161,-68.37581,U,U,3,OL,P,Y,15,H,8,"1 CMWA, AMRE, 2 NOPA, 3 YFGR, GABU, OVEN, 4 PRAW, 2 BCPT",B,5,2,N,Hacienda,,,,,,,,,,
7,195,MG,1/20,20,1,815,PRAW,18.5293161,-68.37581,U,U,3,OL,G,Y,15,H,8,"1 CMWA, AMRE, 2 NOPA, 3 YFGR, GABU, OVEN, 4 PRAW, 2 BCPT",B,5,2,N,Hacienda,,,,,,,,,,
7,195,MG,1/20,20,1,815,PRAW,18.5293161,-68.37581,U,U,3,UL,G,Y,15,H,8,"1 CMWA, AMRE, 2 NOPA, 3 YFGR, GABU, OVEN, 4 PRAW, 2 BCPT",B,5,2,N,Hacienda,,,,,,,,,,
10,198,MG,1/20,20,1,815,PRAW,18.5293161,-68.37581,U,U,3,UL,G,Y,15,H,8,"1 CMWA, AMRE, 2 NOPA, 3 YFGR, GABU, OVEN, 4 PRAW, 2 BCPT",B,5,2,N,Hacienda,,,,,,,,,,
11,199,MG,1/20,20,1,820,PRAW,18.5293161,-68.37581,U,U,4,OF,G,Y,15,H,8,"1 CMWA, AMRE, 2 NOPA, 3 YFGR, GABU, OVEN, 4 PRAW, 2 BCPT",S,5,3,N,Hacienda,,,,,,,,,,
11,199,MG,1/20,20,1,820,PRAW,18.5293161,-68.37581,U,U,4,F,G,Y,15,H,8,"1 CMWA, AMRE, 2 NOPA, 3 YFGR, GABU, OVEN, 4 PRAW, 2 BCPT",S,5,3,N,Hacienda,,,,,,,,,,
11,199,MG,1/20,20,1,820,PRAW,18.5293161,-68.37581,U,U,4,F,H,Y,15,H,8,"1 CMWA, AMRE, 2 NOPA, 3 YFGR, GABU, OVEN, 4 PRAW, 2 BCPT",S,5,3,N,Hacienda,,,,,,,,,,
11,199,MG,1/20,20,1,820,PRAW,18.5293161,-68.37581,U,U,4,OF,G,Y,15,H,8,"1 CMWA, AMRE, 2 NOPA, 3 YFGR, GABU, OVEN, 4 PRAW, 2 BCPT",S,5,3,N,Hacienda,,,,,,,,,,
11,199,MG,1/20,20,1,820,PRAW,18.5293161,-68.37581,U,U,4,F,F,Y,15,H,8,"1 CMWA, AMRE, 2 NOPA, 3 YFGR, GABU, OVEN, 4 PRAW, 2 BCPT",S,5,3,N,Hacienda,,,,,,,,,,
12,200,MG,1/20,20,1,825,PRAW,18.5293161,-68.37581,U,U,4,OL,G,Y,15,H,8,"1 CMWA, AMRE, 2 NOPA, 3 YFGR, GABU, OVEN, 4 PRAW, 2 BCPT",T,6,2,N,Hacienda,,,,,,,,,,
12,200,MG,1/20,20,1,825,PRAW,18.5293161,-68.37581,U,U,1,F,G,Y,15,H,8,"1 CMWA, AMRE, 2 NOPA, 3 YFGR, GABU, OVEN, 4 PRAW, 2 BCPT",B,6,2,N,Hacienda,,,,,,,,,,
13,201,MG,1/20,20,1,830,PRAW,18.5288936,-68.3759089,AD,M,2,OL,H,Y,3,H,3,"AMRE, BCPT, PRAW",B,2,3,N,Hacienda,,,,,,,,,,
15,203,MG,1/20,20,1,833,PRAW,18.5288936,-68.3759089,AD,M,3,UF,G,Y,3,H,3,"AMRE, BCPT, PRAW",D,3,3,N,Hacienda,,,,,,,,,,
15,203,MG,1/20,20,1,833,PRAW,18.5288936,-68.3759089,AD,M,3,UF,G,Y,3,H,3,"AMRE, BCPT, PRAW",D,3,3,N,Hacienda,,,,,,,,,,
15,203,MG,1/20,20,1,833,PRAW,18.5288936,-68.3759089,AD,M,3,OF,G,Y,3,H,3,"AMRE, BCPT, PRAW",D,3,3,N,Hacienda,,,,,,,,,,
15,203,MG,1/20,20,1,833,PRAW,18.5288936,-68.3759089,AD,M,3,OF,G,Y,3,H,3,"AMRE, BCPT, PRAW",D,3,3,N,Hacienda,,,,,,,,,,
18,247,K,1/20,40,1,916,PRAW,"18º31`11""N","68º22`27""W",U,U,0,G,K,N,-,-,-,-,G,15,1,N,Tortuga Bay - Main Road,,,,,,,,,,
5,252,K,1/20,10,1,1705,PRAW,"18º30`58""N","68º22`46""W",U,U,6,OL,G,N,2,C,1,-,T,13,2,N,Gavilan,,,,,,,,,,
5,252,K,1/20,10,1,1705,PRAW,"18º30`58""N","68º22`46""W",U,U,6,OL,G,N,2,C,1,-,T,13,2,N,Gavilan,,,,,,,,,,
15,267,MG,1/21,10,1,901,PRAW,18.5260065,-68.3784315,U,U,1.5,F,G,N,,,,,D,12,1,N,Man-made Lagoons,,,,,,,,,,
15,267,MG,1/21,10,1,901,PRAW,18.5260065,-68.3784315,U,U,1.5,F,G,N,,,,,D,12,1,N,Man-made Lagoons,,,,,,,,,,
15,267,MG,1/21,10,1,901,PRAW,18.5260065,-68.3784315,U,U,1.5,F,G,N,,,,,D,12,1,N,Man-made Lagoons,,,,,,,,,,
15,267,MG,1/21,10,1,901,PRAW,18.5260065,-68.3784315,U,U,1.5,F,G,N,,,,,D,12,1,N,Man-made Lagoons,,,,,,,,,,
15,267,MG,1/21,10,1,901,PRAW,18.5260065,-68.3784315,U,U,1.5,F,G,N,,,,,D,12,1,N,Man-made Lagoons,,,,,,,,,,
1,268,AE,1/21,10,1,740,PRAW,18.5157182,-68.3803208,U,M,5,OL,G,Y,,H,4,"PRAW, YRWA, CMWA, BAWW",T,9,2,N,Behind Sewage Ponds,,,,,,,,,,
1,268,AE,1/21,10,1,740,PRAW,18.5157182,-68.3803208,U,M,5,OL,G,Y,,H,4,"PRAW, YRWA, CMWA, BAWW",T,9,2,N,Behind Sewage Ponds,,,,,,,,,,
1,268,AE,1/21,10,1,740,PRAW,18.5157182,-68.3803208,U,M,5,UL,G,Y,,H,4,"PRAW, YRWA, CMWA, BAWW",T,9,2,N,Behind Sewage Ponds,,,,,,,,,,
1,268,AE,1/21,10,1,740,PRAW,18.5157182,-68.3803208,U,M,6,OF,G,Y,,H,4,"PRAW, YRWA, CMWA, BAWW",T,9,2,N,Behind Sewage Ponds,,,,,,,,,,
1,1,E + M,1/11,30,2,1530,YRWA,18.5157239,-68.38288,U,U,1,UB,P,Y,10,C,1,,,,,N,Behind Sewage Ponds,,,,,,Shrub edge,2.5,,,
2,2,E + M,1/11,30,2,1533,YRWA,18.5157239,-68.38288,U,U,1.5,L,P,Y,10,C,1,,,,,N,Behind Sewage Ponds,,,,,,Shrub edge,3,,SPECIES,FEEDING OBSERVATIONS
3,3,E + M,1/11,30,2,1537,YRWA,18.5157239,-68.38288,U,U,1.5,U ,G,Y,10,C,1,,,,,N,Behind Sewage Ponds,,,,,,Shrub edge,2.5,,YRWA,157
4,4,E + M,1/11,30,2,1541,YRWA,18.5157239,-68.38288,U,U,1.5,U,G,Y,10,C,1,,,,,N,Behind Sewage Ponds,,,,,,Shrub edge,3,,PRAW,74
5,5,E + M,1/11,30,2,1545,YRWA,18.5157239,-68.38288,U,U,0.5,U,F,Y,10,C,1,,,,,N,Behind Sewage Ponds,,,,,,Shrub edge,3,,NOPA,96
6,6,E + M,1/11,30,2,1547,YRWA,18.5157239,-68.38288,U,U,0.1,UB,G,Y,10,C,1,,,,,N,Behind Sewage Ponds,,,,,,Shrub edge,,,AMRE,42
7,7,E + M,1/11,30,2,1548,YRWA,18.5157239,-68.38288,U,U,0.2,OB,F,Y,10,C,1,,,,,N,Behind Sewage Ponds,,,,,,Shrub edge,3,,HOWA,17
8,8,E + M,1/11,30,2,1555,YRWA,18.5157239,-68.38288,U,U,0.2,F ,G,Y,10,C,1,,,,,N,Behind Sewage Ponds,,,,,,Shrub edge,,,BAWW,24
9,9,E + M,1/11,30,2,1558,YRWA,18.5157239,-68.38288,U,U,2,OL,G,Y,10,C,1,,,,,N,Behind Sewage Ponds,,,,,,Shrub edge,5,,CMWA,125
10,10,E + M,1/11,30,2,1601,YRWA,18.5157239,-68.38288,Ad,M,0.2,OF,G,Y,10,C,1,,,,,N,Behind Sewage Ponds,,,,,,Shrub edge,,,BBTO,36
18,18,E + M,1/11,30,2,1714,YRWA,18.5266928,-68.3811945,U,U,3,OF,G,N,,,,,,,,N,Behind Sewage Ponds,,,,0.5,2.5,Mature edge,6,,,
18,18,E + M,1/11,30,2,1715,YRWA,18.5266928,-68.3811945,U,U,1.5,D,G,N,,,,,,,,N,Behind Sewage Ponds,,,,,,Mature edge,,,,
1,22,E + M + A + K,1/12,30,1,1550,YRWA,18.5192315,-68.3837728,U,U,3,OL,G,Y,4,C,1,,T,,,N,Behind Sewage Ponds,,,,0.3,3,,9.5,,,
1,22,E + M + A + K,1/12,30,1,1550,YRWA,18.5192315,-68.3837728,U,U,0,G,H,Y,4,C,1,,G,,,N,Behind Sewage Ponds,,,,,,,,,,
8,42,A + M,1/13,10,3,1710,YRWA,18.51419,-68.3720136,U,U,8,F,F,Y,,H,2,"CMWA, YRWA",T,12,2,N,Casitas,,,,,,,,,,
9,43,A + M,1/13,10,3,1710,YRWA,18.51419,-68.3720136,U,U,10,F,S,Y,,H,2,"CMWA, YRWA",T,13,3,N,Casitas,,,,,,,,,,
13,47,A + M,1/13,10,3,1717,YRWA,18.51419,-68.3720136,U,U,3,OL,G,Y,,C,1,,T,12,2,N,Casitas,,,,,,,,,,
15,49,A + M,1/13,10,3,1720,YRWA,18.51419,-68.3720136,U,U,5,F,F,Y,,C,1,4 YRWA,T,11,2,N,Casitas,,,,,,,,,,
16,50,A + M,1/13,10,3,1720,YRWA,18.51419,-68.3720136,U,U,4,OL,H,Y,,C,1,,T,11,2,N,Casitas,,,,,,,,,,
16,50,A + M,1/13,10,3,1720,YRWA,18.51419,-68.3720136,U,U,4,OB,G,Y,,C,1,,T,11,2,N,Casitas,,,,,,,,,,
1,290,KNV,1/15,0,0,859,YRWA,18.539662,-68.373463,F/J,U,6,OL,G,N,1,,,,T,12,2,N,,,,,-,-,,8,,,
1,290,KNV,1/16,10,0,900,YRWA,18.514368,-68.374507,F/J,U,0,G,S,Y,5,C,1,,G,,,N,,,,,-,-,-,-,,,
1,291,KNV+MTR,1/17,20,2,1100,YRWA,18.515424,-68.378338,F/J,U,0,G,K,Y,3,C,1,,G,,,N,,,,,-,-,-,-,,,
2,73,MG,1/17,0,2,1545,YRWA,18.5158308,-68.379616,U,U,0,G,G,Y,,C,1,YRWA,G,,,N,Hacienda,,,,,,,,,,
3,74,MG,1/17,0,2,1545,YRWA,18.5158308,-68.379616,U,U,0,G,G,Y,,C,1,YRWA,G,,,N,Hacienda,,,,,,,,,,
7,78,MG,1/17,0,2,1547,YRWA,18.5158308,-68.379616,U,U,3,OL,H,Y,,H,4,"YRWA, CMWA, AMRE, BBTO",T,9,1,N,Hacienda,,,,,,,,,,
8,79,MG,1/17,0,2,1630,YRWA,18.5299045,-68.3744317,U,U,0.5,OL,H,Y,,C,1,3 YRWA,B,3,1,N,Hacienda,,,,,,,,,,
8,79,MG,1/17,0,2,1630,YRWA,18.5299045,-68.3744317,U,U,0.5,OL,H,Y,,C,1,3 YRWA,B,3,1,N,Hacienda,,,,,,,,,,
9,80,MG,1/17,0,2,1630,YRWA,18.5299045,-68.3744317,U,U,0,G,G,Y,,C,1,3 YRWA,G,3,1,N,Hacienda,,,,,,,,,,
10,81,AE,1/17,0,2,1630,YRWA,18.5299045,-68.3744317,U,U,1,UL,G,Y,,C,1,3 YRWA,B,3,1,N,Hacienda,,,,,,,,,,
11,82,MG,1/17,0,2,1630,YRWA,18.5299045,-68.3744317,U,U,1,OL,P,Y,,C,1,15 YRWA,B,3,1,N,Hacienda,,,,,,,,,,
12,83,MG,1/17,0,2,1630,YRWA,18.5299045,-68.3744317,U,U,0.5,OL,H,Y,,C,1,15 YRWA,B,3,1,N,Hacienda,,,,,,,,,,
13,84,AE,1/17,0,2,1630,YRWA,18.5299045,-68.3744317,U,U,1,F,S,Y,,C,1,15 YRWA,B,3,1,N,Hacienda,,,,,,,,,,
13,84,AE,1/17,0,2,1630,YRWA,18.5299045,-68.3744317,U,U,0.5,OL,G,Y,,C,1,15 YRWA,B,3,1,N,Hacienda,,,,,,,,,,
14,85,MG,1/17,0,2,1630,YRWA,18.5299045,-68.3744317,U,U,2,F,F,Y,,C,1,15 YRWA,B,3,2,N,Hacienda,,,,,,,,,,
14,85,MG,1/17,0,2,1630,YRWA,18.5299045,-68.3744317,U,U,1.5,T,S,Y,,C,1,15 YRWA,B,3,2,N,Hacienda,,,,,,,,,,
15,86,AE,1/17,0,2,1630,YRWA,18.5299045,-68.3744317,U,U,1,W,C,Y,,C,1,15 YRWA,B,3,2,N,Hacienda,,,,,,,,,,
17,88,MG,1/17,0,2,1630,YRWA,18.5299045,-68.3744317,U,U,1,UF,G,Y,,H,2,"15 YRWA, NOPA",B,3,1,N,Hacienda,,,,,,,,,,
18,89,MG,1/17,0,2,1630,YRWA,18.5316695,-68.3748015,U,U,0,G,,N,,,,,G,,,N,Hacienda,,,,,,,,,,
18,89,MG,1/17,0,2,1630,YRWA,18.5316695,-68.3748015,U,U,0.5,OF,G,N,,,,,,,,N,Hacienda,,,,,,,,,,
20,91,MG,1/17,0,2,1710,YRWA,18.5316695,-68.3748015,U,U,0.5,UL,H,N,,,,,GC,11,1,N,Hacienda,,,,,,,,,,
20,91,MG,1/17,0,2,1710,YRWA,18.5316695,-68.3748015,U,U,0,OF,G,N,,,,,GC,11,1,N,Hacienda,,,,,,,,,,
20,91,MG,1/17,0,2,1710,YRWA,18.5316695,-68.3748015,U,U,0.5,OL,G,N,,,,,GC,11,1,N,Hacienda,,,,,,,,,,
3,99,EH,1/18,60,2,1655,YRWA,18.5060388,-68.376335,,,0.1,OL,G,Y,,C,1,,T,,,N,FUNDACION,,,,,,,,,,
3,99,MG,1/18,60,2,1655,YRWA,18.5060388,-68.376335,,,0,G,G,Y,,C,1,,T,,,N,FUNDACION,,,,,,,,,,
4,100,MG,1/18,60,2,1659,YRWA,18.5060388,-68.376335,,,0,G,G,Y,,C,1,,L,,,N,FUNDACION,,,,,,,,,,
4,100,MG,1/18,60,2,1659,YRWA,18.5060388,-68.376335,,,0,G,G,Y,,C,1,,L,,,N,FUNDACION,,,,,,,,,,
4,100,MG,1/18,60,2,1659,YRWA,18.5060388,-68.376335,,,0,G,G,Y,,C,1,,L,,,N,FUNDACION,,,,,,,,,,
4,100,MG,1/18,60,2,1659,YRWA,18.5060388,-68.376335,,,0,G,G,Y,,C,1,,L,,,N,FUNDACION,,,,,,,,,,
4,100,MG,1/18,60,2,1659,YRWA,18.5060388,-68.376335,,,0,,F,Y,,C,1,,L,,,N,FUNDACION,,,,,,,,,,
4,100,MG,1/18,60,2,1659,YRWA,18.5060388,-68.376335,,,0.2,L,H,Y,,C,1,,L,,,N,FUNDACION,,,,,,,,,,
5,101,MG,1/18,60,2,1700,YRWA,18.5060388,-68.376335,,,0,G,G,N,,,,,L,,,N,FUNDACION,,,,,,,,,,
5,101,MG,1/18,60,2,1700,YRWA,18.5060388,-68.376335,,,0.2,,F,N,,,,,L,,,N,FUNDACION,,,,,,,,,,
6,102,MG,1/18,60,2,1731,YRWA,18.5076485,-68.3794745,,,7,OF,G,N,,,,,T,12,2,N,FUNDACION,,,,,,,,,,
6,102,MG,1/18,60,2,1733,YRWA,18.5076485,-68.3794745,U,U,6,UF,G,N,,,,,T,12,2,N,FUNDACION,,,,,,,,,,
3,107,KNV,1/18,60,3,1723,YRWA,18.5174226,-68.3752018,U,U,5,OF,G,Y,3,H,3,"PRAW, PAWA, YRWA",T,11,2,N,Casitas - Polo,,,,,,,,,,
5,109,KNV,1/18,60,3,1723,YRWA,18.5174226,-68.3752018,U,U,6,UL,H,Y,3,H,3,"PRAW, PAWA, YRWA",T,11,2,N,Casitas - Polo,,,,,,,,,,
6,110,KNV,1/18,60,3,1723,YRWA,18.5174226,-68.3752018,U,U,0,G,S,Y,3,H,3,"PRAW, PAWA, YRWA",T,11,1,N,Casitas - Polo,,,,,,,,,,
1,113,KNV,1/19,0,0,745,YRWA,18.5188361,-68.3826788,U,U,7,OL,H,Y,5,C,1,,T,12,2,N,Gavilan,,,,,,,,,,
1,113,KNV,1/19,0,0,745,YRWA,18.5188361,-68.3826788,U,U,7,OL,H,Y,5,C,1,,T,12,2,N,Gavilan,,,,,,,,,,
6,118,MG,1/19,0,0,1014,YRWA,18.5161134,-68.3798159,U,U,0.8,SW,H,Y,8,C,1,,T,14,1,N,Gavilan,,,,,,,,,,
6,118,MG,1/19,0,0,1014,YRWA,18.5161134,-68.3798159,U,U,1.5,F,F,Y,8,C,1,,T,14,1,N,Gavilan,,,,,,,,,,
7,119,MG,1/19,0,0,1014,YRWA,18.5161134,-68.3798159,U,U,0,G,G,Y,8,C,1,,G,14,1,N,Gavilan,,,,,,,,,,
8,120,KNV,1/19,0,0,1014,YRWA,18.5161134,-68.3798159,U,U,2.3,SW,S,Y,8,C,1,,S,14,1,N,Gavilan,,,,,,,,,,
9,121,KNV,1/19,0,0,1014,YRWA,18.5161134,-68.3798159,U,U,2,UL,G,Y,8,C,1,,T,14,1,N,Gavilan,,,,,,,,,,
10,122,KNV,1/19,0,0,1014,YRWA,18.5161134,-68.3798159,U,U,2,OL,G,Y,8,C,1,,T,14,1,N,Gavilan,,,,,,,,,,
11,123,KNV,1/19,0,0,1014,YRWA,18.5161134,-68.3798159,U,U,0,G,G,Y,8,C,1,,G,14,1,N,Gavilan,,,,,,,,,,
11,123,KNV,1/19,0,0,1014,YRWA,18.5161134,-68.3798159,U,U,0,G,G,Y,8,C,1,,G,14,1,N,Gavilan,,,,,,,,,,
12,124,KNV,1/19,0,0,1014,YRWA,18.5161134,-68.3798159,U,U,0,G,G,Y,8,C,1,,G,14,1,N,Gavilan,,,,,,,,,,
12,124,KNV,1/19,0,0,1014,YRWA,18.5161134,-68.3798159,U,U,0,G,G,Y,8,C,1,,G,14,1,N,Gavilan,,,,,,,,,,
13,125,KNV,1/19,0,0,1014,YRWA,18.5161134,-68.3798159,U,U,0.3,OL,H,Y,8,C,1,,,14,1,N,Gavilan,,,,,,,,,,
1,128,AE,1/19,0,0,803,YRWA,18.5164466,-68.3797525,U,U,0,G,S,Y,,C,,,G,10,1,N,Hacienda,,,,,,,,,,
1,128,AE,1/19,0,0,803,YRWA,18.5164466,-68.3797525,U,U,4,OL,H,Y,,C,,,,10,2,N,Hacienda,,,,,,,,,,
1,128,AE,1/19,0,0,803,YRWA,18.5164466,-68.3797525,U,U,5,OF,G,Y,,C,,,,10,2,N,Hacienda,,,,,,,,,,
5,132,AE,1/19,0,0,815,YRWA,18.5175116,-68.3805347,U,U,3,OL,F,N,,,,,T,9,2,N,Hacienda,,,,,,,,,,
5,132,AE,1/19,0,0,815,YRWA,18.5175116,-68.3805347,U,U,4,OL,G,N,,,,,T,9,2,N,Hacienda,,,,,,,,,,
6,133,AE,1/19,0,0,815,YRWA,18.5175116,-68.3805347,U,U,5,OL,H,N,,,,,T,9,2,N,Hacienda,,,,,,,,,,
11,138,AE,1/19,0,0,843,YRWA,18.5243534,-68.379155,U,U,5,OL,G,N,,,,,T,11,2,N,Hacienda,,,,,,,,,,
11,138,AE,1/19,0,0,843,YRWA,18.5243534,-68.379155,U,U,5,OF,F,N,,,,,T,11,2,N,Hacienda,,,,,,,,,,
24,151,AE,1/19,0,0,1000,YRWA,18.5246837,-68.378869,U,U,0,G,G,Y,,H,2,"CMWA, YRWA",G,12,1,N,Hacienda,,,,,,,,,,
24,151,AE,1/19,0,0,1000,YRWA,18.5246837,-68.378869,U,U,2,OL,H,Y,,H,2,"CMWA, YRWA",G,12,1,N,Hacienda,,,,,,,,,,
24,151,AE,1/19,0,0,1000,YRWA,18.5246837,-68.378869,U,U,3,OF,F,Y,,H,2,"CMWA, YRWA",G,12,1,N,Hacienda,,,,,,,,,,
25,152,AE,1/19,0,0,1010,YRWA,18.5234476,-68.379446,U,U,2,OL,G,N,,,,,G,12,1,N,Hacienda,,,,,,,,,,
25,152,AE,1/19,0,0,1010,YRWA,18.5234476,-68.379446,U,U,0,OF,G,N,,,,,G,12,1,N,Hacienda,,,,,,,,,,
25,152,AE,1/19,0,0,1010,YRWA,18.5234476,-68.379446,U,U,0,G,G,N,,,,,G,12,1,N,Hacienda,,,,,,,,,,
2,162,AE,1/19,30,1,1632,YRWA,18.5065819,-68.375763,U,U,2,W,G,Y,4,C,1,,A,12,1,N,Marina ,,,,,,,,,,
4,164,AE,1/19,30,1,1715,YRWA,18.50779,-68.379087,U,U,6,OL,G,,,,,,T,12,2,N,Marina ,,,,,,,,,,
1,167,K+E,1/19,40,1,1603,YRWA,18.515335,-68.3764111,U,U,0,G,K,N,-,-,-,-,G,9,1,N,Reserve to Casitas,,,,,,,,,,
1,167,K+E,1/19,40,1,1603,YRWA,18.515335,-68.3764111,U,U,0,G,K,N,-,-,-,-,G,9,1,N,Reserve to Casitas,,,,,,,,,,
1,167,K+E,1/19,40,1,1603,YRWA,18.515335,-68.3764111,U,U,0,G,K,N,-,-,-,-,G,9,1,N,Reserve to Casitas,,,,,,,,,,
1,167,K+E,1/19,40,1,1603,YRWA,18.515335,-68.3764111,U,U,0,G,K,N,-,-,-,-,G,9,1,N,Reserve to Casitas,,,,,,,,,,
1,167,K+E,1/19,40,1,1603,YRWA,18.515335,-68.3764111,U,U,0,G,K,N,-,-,-,-,G,9,1,N,Reserve to Casitas,,,,,,,,,,
2,168,E,1/19,40,1,1637,YRWA,18.515335,-68.3764111,U,U,0.1,L,P,N,-,-,-,-,GC,,,N,Reserve to Casitas,,,,,,,,,,
2,168,E,1/19,40,1,1637,YRWA,18.515335,-68.3764111,U,U,0.1,L,P,N,-,-,-,-,GC,,,N,Reserve to Casitas,,,,,,,,,,
2,168,E,1/19,40,1,1637,YRWA,18.515335,-68.3764111,U,U,1,UL,G,N,-,-,-,-,GC,,1,N,Reserve to Casitas,,,,,,,,,,
2,168,E,1/19,40,1,1637,YRWA,18.515335,-68.3764111,U,U,1,UL,G,N,-,-,-,-,GC,,1,N,Reserve to Casitas,,,,,,,,,,
2,168,E,1/19,40,1,1637,YRWA,18.515335,-68.3764111,U,U,1,UL,G,N,-,-,-,-,GC,,1,N,Reserve to Casitas,,,,,,,,,,
3,169,K,1/19,40,1,1725,YRWA,18.5169724,-68.3750818,U,U,4,OL,H,Y,-,H,2,YRWA(3),T,10,2,N,Reserve to Casitas,,,,,,,,,,
4,170,K,1/19,40,1,1725,YRWA,18.5169724,-68.3750818,U,U,4,OL,G,Y,-,C,3,,T,12,2,N,Reserve to Casitas,,,,,,,,,,
4,170,K,1/19,40,1,1725,YRWA,18.5169724,-68.3750818,U,U,4,T,G,Y,-,C,1,,T,12,2,N,Reserve to Casitas,,,,,,,,,,
5,171,K,1/19,40,1,1725,YRWA,18.5169724,-68.3750818,U,U,5,UL,G,Y,-,C,1,,T,12,2,N,Reserve to Casitas,,,,,,,,,,
5,171,K,1/19,40,1,1725,YRWA,18.5169724,-68.3750818,U,U,5,UL,G,Y,-,C,1,,T,12,2,N,Reserve to Casitas,,,,,,,,,,
6,172,K,1/19,40,1,1730,YRWA,18.5169724,-68.3750818,U,U,4,UF,G,N,-,-,-,-,T,12,2,N,Reserve to Casitas,,,,,,,,,,
13,179,K,1/19,40,1,1610,YRWA,18.517695,-68.3755179,U,U,10,F,F,N,-,-,-,-,T,12,3,N,Reserve to Casitas,,,,,,,,,,
2,180,MG,1/19,30,1,1610,YRWA,18.5252139,-68.3788352,U,U,0,G,G,Y,5,C,1,,R,13,1,N,Hacienda,,,,,,,,,,
2,180,MG,1/19,30,1,1610,YRWA,18.5252139,-68.3788352,U,U,0,G,G,Y,5,C,1,,L,13,1,N,Hacienda,,,,,,,,,,
2,180,MG,1/19,30,1,1610,YRWA,18.5252139,-68.3788352,U,U,0,G,G,Y,5,C,1,,L,13,1,N,Hacienda,,,,,,,,,,
2,180,MG,1/19,30,1,1610,YRWA,18.5252139,-68.3788352,U,U,0,G,G,Y,5,C,1,,L,13,1,N,Hacienda,,,,,,,,,,
3,181,MG,1/19,30,1,1610,YRWA,18.5252139,-68.3788352,U,U,0.1,F,H,Y,5,C,1,,B,13,1,N,Hacienda,,,,,,,,,,
3,181,MG,1/19,30,1,1610,YRWA,18.5252139,-68.3788352,U,U,0.2,F,F,Y,5,C,1,,B,13,1,N,Hacienda,,,,,,,,,,
3,181,MG,1/19,30,1,1610,YRWA,18.5252139,-68.3788352,U,U,0,G,G,Y,5,C,1,,R,13,1,N,Hacienda,,,,,,,,,,
7,185,MG,1/19,30,1,1731,YRWA,18.5449088,-68.3744457,U,U,0.5,OF,G,,,,,,B,6,1,N,Hacienda,,,,,,,,,,
15,203,MG,1/20,20,1,855,YRWA,18.5291212,-68.3740444,U,U,0.1,L,G,Y,5,C,1,,V,,,N,Hacienda,,,,,,,,,,
15,203,MG,1/20,20,1,855,YRWA,18.5291212,-68.3740444,U,U,0.1,L,G,Y,5,C,1,,V,,,N,Hacienda,,,,,,,,,,
15,203,MG,1/20,20,1,855,YRWA,18.5291212,-68.3740444,U,U,0.1,L,G,Y,5,C,1,,V,,,N,Hacienda,,,,,,,,,,
16,204,MG,1/20,20,1,855,YRWA,18.5291212,-68.3740444,U,U,0,G,K,Y,5,C,1,,V,,,N,Hacienda,,,,,,,,,,
16,204,MG,1/20,20,1,855,YRWA,18.5291212,-68.3740444,U,U,0,G,K,Y,5,C,1,,V,,,N,Hacienda,,,,,,,,,,
16,204,MG,1/20,20,1,855,YRWA,18.5291212,-68.3740444,U,U,0.3,L,H,Y,5,C,1,,,,,N,Hacienda,,,,,,,,,,
17,205,MG,1/20,20,1,920,YRWA,18.5250152,-68.3788322,U,U,0.5,OL,G,Y,5,C,1,,GC,9,1,N,Hacienda,,,,,,,,,,
17,205,MG,1/20,20,1,920,YRWA,18.5250152,-68.3788322,U,U,0.1,F,G,Y,5,C,1,,GC,9,1,N,Hacienda,,,,,,,,,,
18,206,MG,1/20,20,1,920,YRWA,18.5250152,-68.3788322,U,U,0,G,K,Y,5,C,1,,V,9,1,N,Hacienda,,,,,,,,,,
19,207,MG,1/20,20,1,920,YRWA,18.5250152,-68.3788322,U,U,0,G,K,Y,5,C,1,,V,9,1,N,Hacienda,,,,,,,,,,
18,206,MG,1/20,20,1,920,YRWA,18.5250152,-68.3788322,U,U,0.2,OL,H,Y,5,C,1,,GC,9,1,N,Hacienda,,,,,,,,,,
18,206,MG,1/20,20,1,920,YRWA,18.5250152,-68.3788322,U,U,0.2,UL,G,Y,5,C,1,,GC,9,1,N,Hacienda,,,,,,,,,,
20,208,MG,1/20,20,1,920,YRWA,18.5250152,-68.3788322,U,U,1.5,SW,G,Y,5,C,1,,T,9,1,N,Hacienda,,,,,,,,,,
20,208,MG,1/20,20,1,920,YRWA,18.5250152,-68.3788322,U,U,1.5,SW,G,Y,5,C,1,,T,9,1,N,Hacienda,,,,,,,,,,
20,208,MG,1/20,20,1,920,YRWA,18.5250152,-68.3788322,U,U,1.5,SW,G,Y,5,C,1,,T,9,1,N,Hacienda,,,,,,,,,,
1,230,K,1/20,40,1,740,YRWA,"18º31`3""N","68º22`31""W",U,U,0,G,G,Y,-,C,3,-,G,6,1,N,Tortuga Bay - Main Road,,,,,,,,,,
2,231,K,1/20,40,1,745,YRWA,"18º31`3""N","68º22`31""W",U,U,0,G,G,Y,-,C,3,-,G,6,1,N,Tortuga Bay - Main Road,,,,,,,,,,
3,232,K,1/20,40,1,800,YRWA,"18º31`3""N","68º22`31""W",U,U,0,G,G,Y,-,C,3,-,G,6,1,N,Tortuga Bay - Main Road,,,,,,,,,,
4,233,K,1/20,40,1,800,YRWA,"18º31`3""N","68º22`31""W",U,U,0,G,G,Y,-,C,3,-,G,6,,N,Tortuga Bay - Main Road,,,,,,,,,,
5,234,K,1/20,40,1,800,YRWA,"18º31`3""N","68º22`31""W",U,U,0,G,G,Y,-,C,3,-,G,6,,N,Tortuga Bay - Main Road,,,,,,,,,,
6,235,K,1/20,40,1,805,YRWA,"18º31`3""N","68º22`31""W",U,U,0,G,G,Y,-,C,3,-,G,6,1,N,Tortuga Bay - Main Road,,,,,,,,,,
7,236,K,1/20,40,1,805,YRWA,"18º31`3""N","68º22`31""W",U,U,5,F,G,Y,-,C,2,-,G,12,1,N,Tortuga Bay - Main Road,,,,,,,,,,
8,237,K,1/20,40,1,808,YRWA,"18º31`3""N","68º22`31""W",U,U,0.3,F,G,Y,-,C,2,-,B,12,2,N,Tortuga Bay - Main Road,,,,,,,,,,
16,245,K,1/20,40,1,916,YRWA,"18º31`12""N","68º22`23""W",U,U,8,UL,G,N,-,-,-,-,T,14,3,N,Tortuga Bay - Main Road,Right leg white,,,,,,,,,
16,245,K,1/20,40,1,916,YRWA,"18º31`12""N","68º22`23""W",U,U,8,OL,G,N,-,-,-,-,T,14,3,N,Tortuga Bay - Main Road,Right leg white,,,,,,,,,
17,246,K,1/20,40,1,916,YRWA,"18º31`11""N","68º22`27""W",U,U,0,G,F,N,-,-,-,-,G,15,1,N,Tortuga Bay - Main Road,,,,,,,,,,
17,246,K,1/20,40,1,916,YRWA,"18º31`11""N","68º22`27""W",U,U,0,G,K,N,-,-,-,-,G,15,1,N,Tortuga Bay - Main Road,,,,,,,,,,
17,246,K,1/20,40,1,916,YRWA,"18º31`11""N","68º22`27""W",U,U,0,G,F,N,-,-,-,-,G,15,1,N,Tortuga Bay - Main Road,,,,,,,,,,
17,246,K,1/20,40,1,916,YRWA,"18º31`11""N","68º22`27""W",U,U,0,G,F,N,-,-,-,-,G,15,1,N,Tortuga Bay - Main Road,,,,,,,,,,
17,246,K,1/20,40,1,916,YRWA,"18º31`11""N","68º22`27""W",U,U,0,G,F,N,-,-,-,-,G,15,1,N,Tortuga Bay - Main Road,,,,,,,,,,
17,246,K,1/20,40,1,916,YRWA,"18º31`11""N","68º22`27""W",U,U,0,G,K,N,-,-,-,-,,15,1,N,Tortuga Bay - Main Road,,,,,,,,,,
17,246,K,1/20,40,1,916,YRWA,"18º31`11""N","68º22`27""W",U,U,0,G,F,N,-,-,-,-,,15,2,N,Tortuga Bay - Main Road,,,,,,,,,,
1,248,K,1/20,10,1,1550,YRWA,OBSERVATION TOWER,,U,U,3,OF,G,Y,2,C,1,-,T,9,2,N,Gavilan,Right leg Orange,,,,,,,,,
1,248,K,1/20,10,1,1555,YRWA,OBSERVATION TOWER,,U,U,1,UF,G,N,2,C,1,-,D,9,1,N,Gavilan,Right leg Orange,,,,,,,,,
1,248,K,1/20,10,1,1555,YRWA,OBSERVATION TOWER,,U,U,0.3,OF,G,N,2,C,1,-,D,9,1,N,Gavilan,Right leg Orange,,,,,,,,,
1,248,K,1/20,10,1,1555,YRWA,OBSERVATION TOWER,,U,U,2,OF,G,N,2,C,1,-,T,9,1,N,Gavilan,Right leg Orange,,,,,,,,,
4,251,K,1/20,10,1,1627,YRWA,"18º30`60""N","68º22`48""W",U,U,12,OL,H,N,2,C,1,-,T,15,3,N,Gavilan,,,,,,,,,,
4,251,K,1/20,10,1,1627,YRWA,"18º30`60""N","68º22`48""W",U,U,11,OL,G,N,2,C,1,-,T,15,3,N,Gavilan,,,,,,,,,,
1,253,MG,1/21,10,1,738,YRWA,18.5168452,-68.3799738,U,U,0,G,K,Y,3,C,1,,R,10,1,N,Man-made Lagoons,,,,,,,,,,
1,253,MG,1/21,10,1,738,YRWA,18.5168452,-68.3799738,U,U,0,G,K,Y,3,C,1,,R,10,1,N,Man-made Lagoons,,,,,,,,,,
1,253,MG,1/21,10,1,738,YRWA,18.5168452,-68.3799738,U,U,0,G,K,Y,3,C,1,,R,10,1,N,Man-made Lagoons,,,,,,,,,,
1,253,MG,1/21,10,1,738,YRWA,18.5168452,-68.3799738,U,U,0,G,K,Y,3,C,1,,R,10,1,N,Man-made Lagoons,,,,,,,,,,
2,254,MG,1/21,10,1,738,YRWA,18.5168452,-68.3799738,U,U,0,G,K,Y,3,C,1,,R,10,1,N,Man-made Lagoons,,,,,,,,,,
2,254,MG,1/21,10,1,738,YRWA,18.5168452,-68.3799738,U,U,0,G,K,Y,3,C,1,,R,10,1,N,Man-made Lagoons,,,,,,,,,,
2,269,AE,1/21,10,1,740,YRWA,18.5157182,-68.3803208,U,U,4,OL,G,Y,,H,4,"PRAW, YRWA, CMWA, BAWW",T,9,2,N,Behind Sewage Ponds,,,,,,,,,,